frame_idx,h_median,s_median,v_median,is_main_camera,scene_cut,rink_keypoints_ok
0,60,12,204,0,0,9
1,60,12,203,0,0,9
2,60,11,203,0,0,9
3,60,12,203,0,0,9
4,60,12,203,0,0,9
5,60,12,203,0,0,9
6,57,12,203,0,0,9
7,56,12,203,0,0,9
8,55,12,203,0,0,8
9,55,12,203,0,0,8
10,56,12,202,0,0,7
11,57,12,202,0,0,7
12,57,12,202,0,0,7
13,60,12,202,0,0,7
14,60,12,202,0,0,7
15,60,12,202,0,0,7
16,60,12,202,0,0,7
17,60,12,202,0,0,7
18,60,12,202,0,0,7
19,60,12,202,0,0,7
20,60,12,201,0,0,7
21,60,12,201,0,0,7
22,60,12,201,0,0,7
23,60,12,201,0,0,7
24,60,12,201,0,0,7
25,60,12,201,0,0,5
26,60,12,201,0,0,5
27,65,13,200,0,0,6
28,66,13,200,0,0,6
29,66,13,200,0,0,6
30,66,13,199,0,0,0
31,66,13,199,0,0,0
32,66,13,198,0,0,6
33,66,13,198,0,0,6
34,66,13,197,0,0,8
35,66,13,197,0,0,8
36,66,13,197,0,0,8
37,66,13,196,0,0,8
38,66,13,196,0,0,8
39,66,13,195,0,0,9
40,66,13,195,0,0,9
41,66,13,195,0,0,9
42,66,13,194,0,0,11
43,66,13,194,0,0,11
44,68,13,194,0,0,11
45,68,13,194,0,0,11
46,69,13,193,0,0,11
47,68,13,193,0,0,11
48,68,13,193,0,0,11
49,66,13,191,0,0,12
50,66,13,191,0,0,12
51,66,14,190,0,0,12
52,66,14,190,0,0,12
53,66,14,190,0,0,12
54,66,14,189,0,0,12
55,66,14,189,0,0,12
56,66,13,189,0,0,12
57,66,13,189,0,0,12
58,66,13,188,0,0,12
59,66,13,188,0,0,12
60,68,13,188,0,0,12
61,68,13,188,0,0,12
62,68,13,188,0,0,12
63,68,13,187,0,0,12
64,69,13,187,0,0,12
65,68,13,187,0,0,12
66,68,13,187,0,0,12
67,68,13,187,0,0,12
68,69,13,187,0,0,12
69,69,13,187,0,0,12
70,69,13,187,0,0,12
71,69,13,187,0,0,12
72,69,13,187,0,0,12
73,69,13,187,0,0,12
74,69,13,187,0,0,12
75,68,13,187,0,0,12
76,69,13,187,0,0,12
77,68,13,187,0,0,12
78,69,12,187,0,0,12
79,68,12,187,0,0,12
80,69,12,187,0,0,12
81,69,12,187,0,0,12
82,67,12,187,0,0,11
83,66,12,187,0,0,11
84,67,12,187,0,0,11
85,69,12,188,0,0,12
86,69,12,188,0,0,12
87,68,12,188,0,0,12
88,68,12,188,0,0,12
89,68,12,188,0,0,12
90,69,12,188,0,0,12
91,69,12,188,0,0,12
92,69,12,188,0,0,11
93,69,12,188,0,0,11
94,68,12,188,0,0,12
95,68,12,188,0,0,12
96,68,12,188,0,0,12
97,66,12,188,0,0,11
98,66,12,188,0,0,12
99,69,12,188,0,0,11
100,69,12,188,0,0,11
101,69,12,188,0,0,11
102,69,12,188,0,0,11
103,69,12,188,0,0,11
104,66,12,187,0,0,11
105,66,12,187,0,0,11
106,66,12,187,0,0,11
107,66,12,187,0,0,11
108,66,12,187,0,0,11
109,66,12,186,0,0,11
110,66,12,186,0,0,11
111,66,12,186,0,0,11
112,66,12,186,0,0,11
113,66,12,186,0,0,11
114,69,12,186,0,0,11
115,69,12,185,0,0,11
116,69,12,185,0,0,11
117,69,12,185,0,0,11
118,72,12,184,0,0,11
119,70,12,184,0,0,11
120,72,12,184,0,0,11
121,69,12,183,0,0,0
122,69,12,183,0,0,0
123,71,12,182,0,0,11
124,72,12,182,0,0,11
125,70,12,182,0,0,11
126,73,13,181,0,0,10
127,72,13,181,0,0,10
128,72,13,181,0,0,7
129,72,13,181,0,0,7
130,72,13,180,0,0,10
131,72,13,180,0,0,10
132,73,13,180,0,0,0
133,72,13,179,0,0,11
134,72,13,179,0,0,11
135,72,14,178,0,0,8
136,72,14,178,0,0,8
137,72,14,178,0,0,8
138,80,13,178,0,0,8
139,80,13,178,0,0,8
140,79,14,177,0,0,10
141,78,14,177,0,0,11
142,80,14,177,0,0,6
143,80,14,177,0,0,6
144,80,14,177,0,0,6
145,72,14,176,0,0,7
146,73,14,176,0,0,7
147,80,14,176,0,0,0
148,80,14,176,0,0,0
149,80,14,176,0,0,0
150,81,14,175,0,0,0
151,81,14,175,0,0,0
152,81,15,175,0,0,0
153,80,15,175,0,0,0
154,81,14,175,0,0,0
155,81,14,175,0,0,0
156,81,14,175,0,0,0
157,81,15,176,0,0,9
158,81,15,176,0,0,9
159,81,14,176,0,0,9
160,84,14,176,0,0,9
161,84,14,176,0,0,9
162,84,14,177,0,0,0
163,84,14,177,0,0,0
164,84,14,178,0,0,2
165,84,14,178,0,0,2
166,84,14,179,0,0,4
167,84,14,178,0,0,4
168,84,14,179,0,0,2
169,81,14,179,0,0,5
170,81,14,179,0,0,5
171,81,14,180,0,0,2
172,81,14,180,0,0,2
173,81,14,180,0,0,2
174,81,13,181,0,0,3
175,81,13,181,0,0,3
176,81,13,182,0,0,2
177,81,13,182,0,0,2
178,81,13,182,0,0,5
179,81,13,182,0,0,5
180,81,13,182,0,0,5
181,81,12,184,0,0,8
182,81,12,184,0,0,8
183,81,12,184,0,0,11
184,81,12,184,0,0,11
185,81,12,184,0,0,11
186,81,12,185,0,0,9
187,81,12,185,0,0,9
188,81,12,185,0,0,9
189,81,12,185,0,0,9
190,81,12,186,0,0,6
191,81,12,186,0,0,7
192,81,12,186,0,0,6
193,81,12,188,0,0,0
194,81,12,188,0,0,0
195,80,12,189,0,0,0
196,80,12,189,0,0,0
197,80,12,189,0,0,0
198,81,11,190,0,0,0
199,81,11,190,0,0,0
200,81,11,191,0,0,0
201,81,11,191,0,0,0
202,81,11,191,0,0,0
203,81,11,191,0,0,0
204,81,11,191,0,0,0
205,81,11,193,0,0,0
206,81,11,193,0,0,0
207,81,11,194,0,0,0
208,77,11,193,0,0,0
209,77,11,193,0,0,0
210,73,11,195,0,0,0
211,75,11,195,0,0,0
212,80,11,196,0,0,0
213,80,11,196,0,0,0
214,72,11,197,0,0,0
215,73,11,197,0,0,0
216,72,11,197,0,0,0
217,70,10,198,0,0,0
218,70,10,198,0,0,0
219,80,10,198,0,0,0
220,80,10,198,0,0,0
221,78,10,198,0,0,0
222,66,10,199,0,0,0
223,66,10,199,0,0,0
224,69,10,199,0,0,0
225,69,10,199,0,0,0
226,66,10,200,0,0,0
227,66,10,200,0,0,0
228,66,10,200,0,0,0
229,66,10,200,0,0,0
230,66,10,200,0,0,0
231,66,9,200,0,0,0
232,66,9,200,0,0,0
233,66,9,200,0,0,0
234,66,9,201,0,0,0
235,66,9,201,0,0,0
236,66,9,201,0,0,0
237,66,9,201,0,0,0
238,62,9,201,0,0,0
239,60,9,201,0,0,0
240,64,9,201,0,0,0
241,60,9,201,0,0,0
242,60,9,201,0,0,0
243,60,9,201,0,0,0
244,60,9,201,0,0,0
245,60,9,201,0,0,0
246,60,9,201,0,0,0
247,60,9,201,0,0,0
248,55,9,201,0,0,0
249,55,9,201,0,0,0
250,55,9,201,0,0,0
251,55,9,201,0,0,0
252,55,9,201,0,0,0
253,55,9,201,0,0,0
254,55,9,201,0,0,0
255,55,9,201,0,0,0
256,55,9,201,0,0,0
257,55,9,201,0,0,0
258,55,9,201,0,0,0
259,55,9,201,0,0,0
260,58,9,201,0,0,0
261,60,9,201,0,0,0
262,55,9,201,0,0,0
263,55,9,201,0,0,0
264,55,9,201,0,0,0
265,60,9,201,0,0,0
266,60,9,201,0,0,0
267,66,9,201,0,0,0
268,66,9,201,0,0,0
269,66,9,201,0,0,0
270,66,9,201,0,0,0
271,66,9,201,0,0,0
272,66,9,201,0,0,0
273,66,9,201,0,0,0
274,66,9,201,0,0,0
275,66,9,201,0,0,0
276,66,9,201,0,0,0
277,69,9,200,0,0,0
278,69,9,200,0,0,0
279,69,9,200,0,0,0
280,69,9,200,0,0,0
281,69,9,200,0,0,0
282,69,9,200,0,0,0
283,69,9,200,0,0,0
284,75,9,200,0,0,0
285,74,9,200,0,0,0
286,72,9,200,0,0,0
287,72,9,200,0,0,0
288,72,9,200,0,0,0
289,75,9,200,0,0,0
290,75,9,200,0,0,0
291,71,9,200,0,0,0
292,72,9,200,0,0,0
293,72,9,200,0,0,0
294,72,9,200,0,0,0
295,70,9,200,0,0,0
296,72,9,200,0,0,0
297,70,9,200,0,0,0
298,69,9,200,0,0,0
299,69,9,200,0,0,0
300,69,9,200,0,0,0
301,69,9,200,0,0,0
302,70,9,200,0,0,0
303,69,9,200,0,0,0
304,70,9,200,0,0,0
305,70,9,200,0,0,0
306,72,9,200,0,0,0
307,69,9,200,0,0,0
308,72,9,200,0,0,0
309,71,9,200,0,0,0
310,69,9,200,0,0,0
311,69,9,200,0,0,0
312,69,9,200,0,0,0
313,69,9,200,0,0,0
314,69,9,200,0,0,0
315,69,9,201,0,0,0
316,69,9,201,0,0,0
317,69,9,201,0,0,0
318,69,9,200,0,0,0
319,69,10,200,0,0,0
320,73,9,201,0,0,0
321,72,9,201,0,0,0
322,72,9,201,0,0,0
323,72,9,201,0,0,0
324,72,9,201,0,0,0
325,73,9,202,0,0,0
326,75,9,202,0,0,0
327,72,9,202,0,0,0
328,72,9,202,0,0,0
329,72,9,202,0,0,0
330,72,9,202,0,0,0
331,72,9,202,0,0,0
332,69,10,202,0,0,0
333,69,10,202,0,0,0
334,69,10,202,0,0,0
335,69,10,202,0,0,0
336,69,10,202,0,0,0
337,69,10,202,0,0,0
338,69,10,202,0,0,0
339,69,10,202,0,0,0
340,69,10,202,0,0,0
341,69,10,202,0,0,0
342,69,10,202,0,0,0
343,69,10,202,0,0,0
344,69,10,202,0,0,0
345,69,10,202,0,0,0
346,69,10,202,0,0,0
347,69,10,202,0,0,0
348,69,9,202,0,0,0
349,69,10,202,0,0,0
350,69,10,202,0,0,0
351,69,10,202,0,0,0
352,69,9,202,0,0,0
353,69,10,202,0,0,0
354,69,10,202,0,0,0
355,69,10,202,0,0,0
356,69,9,202,0,0,0
357,69,9,202,0,0,0
358,69,10,202,0,0,0
359,69,10,202,0,0,0
360,69,9,202,0,0,0
361,69,9,202,0,0,0
362,69,9,202,0,0,0
363,69,9,202,0,0,0
364,69,9,202,0,0,0
365,69,9,202,0,0,0
366,69,9,202,0,0,0
367,69,9,202,0,0,0
368,69,9,202,0,0,0
369,69,9,202,0,0,0
370,69,9,202,0,0,0
371,69,9,202,0,0,0
372,69,9,202,0,0,0
373,69,9,202,0,0,0
374,69,9,202,0,0,0
375,69,9,202,0,0,0
376,69,9,202,0,0,0
377,69,9,202,0,0,0
378,69,9,202,0,0,0
379,69,9,202,0,0,0
380,69,9,202,0,0,0
381,69,9,202,0,0,0
382,69,9,202,0,0,0
383,69,9,202,0,0,0
384,69,9,202,0,0,0
385,69,9,202,0,0,0
386,69,9,202,0,0,0
387,69,9,203,0,0,0
388,69,9,203,0,0,0
389,66,9,203,0,0,0
390,66,9,203,0,0,0
391,66,9,203,0,0,0
392,69,9,203,0,0,0
393,69,9,203,0,0,0
394,69,9,203,0,0,0
395,69,9,203,0,0,0
396,69,9,203,0,0,0
397,69,8,204,0,0,0
398,69,8,204,0,0,0
399,69,8,204,0,0,0
400,73,8,204,0,0,0
401,75,8,204,0,0,0
402,75,8,204,0,0,0
403,75,8,204,0,0,0
404,81,8,204,0,0,0
405,81,8,204,0,0,0
406,81,8,204,0,0,0
407,81,8,204,0,0,0
408,81,8,204,0,0,0
409,75,8,204,0,0,0
410,78,8,204,0,0,0
411,73,8,204,0,0,0
412,75,8,204,0,0,0
413,69,8,204,0,0,0
414,69,8,204,0,0,0
415,69,8,204,0,0,0
416,80,8,205,0,0,0
417,81,8,205,0,0,0
418,81,8,205,0,0,0
419,81,8,205,0,0,0
420,81,8,205,0,0,0
421,78,8,205,0,0,0
422,80,8,205,0,0,0
423,81,8,205,0,0,0
424,81,8,205,0,0,0
425,81,8,205,0,0,0
426,81,8,205,0,0,0
427,81,8,205,0,0,0
428,81,8,205,0,0,0
429,81,8,205,0,0,0
430,81,8,205,0,0,0
431,81,8,205,0,0,0
432,81,8,205,0,0,0
433,75,8,205,0,0,0
434,80,8,205,0,0,0
435,80,8,205,0,0,0
436,80,8,205,0,0,0
437,72,9,205,0,0,0
438,72,9,205,0,0,0
439,72,9,205,0,0,0
440,76,8,205,0,0,0
441,75,9,205,0,0,0
442,81,8,205,0,0,0
443,80,8,205,0,0,0
444,81,8,205,0,0,0
445,80,8,205,0,0,0
446,81,8,205,0,0,0
447,80,8,205,0,0,0
448,81,8,205,0,0,0
449,79,8,205,0,0,0
450,79,8,205,0,0,0
451,78,8,205,0,0,0
452,80,8,205,0,0,0
453,80,8,205,0,0,0
454,81,9,204,0,0,0
455,81,9,204,0,0,0
456,81,9,204,0,0,0
457,81,9,204,0,0,0
458,81,9,204,0,0,0
459,80,9,204,0,0,0
460,80,9,204,0,0,0
461,75,9,204,0,0,0
462,75,9,204,0,0,0
463,75,9,204,0,0,0
464,73,9,203,0,0,0
465,73,9,203,0,0,0
466,73,9,203,0,0,0
467,73,9,203,0,0,0
468,73,9,203,0,0,0
469,72,9,203,0,0,0
470,72,9,203,0,0,0
471,75,9,203,0,0,0
472,75,9,203,0,0,0
473,73,9,202,0,0,0
474,73,9,202,0,0,0
475,73,9,202,0,0,0
476,73,9,201,0,0,7
477,73,9,201,0,0,7
478,72,10,200,0,0,7
479,72,9,200,0,0,7
480,73,9,200,0,0,7
481,72,9,198,0,0,6
482,72,9,198,0,0,6
483,69,10,196,0,0,8
484,69,10,196,0,0,9
485,69,11,194,0,0,11
486,69,11,194,0,0,11
487,69,11,194,0,0,11
488,69,11,194,0,0,13
489,69,11,193,0,0,13
490,69,11,193,0,0,13
491,69,11,193,0,0,13
492,69,11,193,0,0,13
493,69,11,193,0,0,13
494,69,11,193,0,0,13
495,69,10,192,0,0,12
496,69,10,192,0,0,12
497,69,10,191,0,0,12
498,69,10,191,0,0,12
499,68,10,191,0,0,12
500,69,11,190,0,0,12
501,69,11,191,0,0,12
502,68,11,190,0,0,12
503,68,11,190,0,0,12
504,66,11,190,0,0,12
505,69,11,190,0,0,12
506,69,11,190,0,0,12
507,75,11,190,0,0,13
508,75,11,190,0,0,13
509,80,12,190,0,0,13
510,80,12,190,0,0,13
511,80,12,190,0,0,13
512,81,12,189,0,0,12
513,81,12,190,0,0,12
514,81,12,189,0,0,13
515,81,12,189,0,0,13
516,81,12,189,0,0,13
517,81,12,189,0,0,13
518,81,12,189,0,0,13
519,84,12,189,0,0,13
520,84,12,189,0,0,13
521,84,13,189,0,0,13
522,84,13,189,0,0,13
523,84,13,189,0,0,13
524,84,13,189,0,0,12
525,84,13,189,0,0,12
526,84,13,189,0,0,12
527,84,13,189,0,0,12
528,83,13,189,0,0,12
529,84,13,189,0,0,12
530,84,13,189,0,0,12
531,83,13,189,0,0,12
532,81,13,189,0,0,12
533,84,13,189,0,0,12
534,84,13,189,0,0,12
535,84,13,189,0,0,12
536,83,13,189,0,0,12
537,84,13,189,0,0,12
538,84,13,189,0,0,12
539,84,13,189,0,0,12
540,84,13,189,0,0,12
541,84,13,189,0,0,12
542,84,13,189,0,0,12
543,84,13,189,0,0,12
544,84,13,189,0,0,12
545,84,13,189,0,0,12
546,84,13,189,0,0,12
547,84,13,189,0,0,12
548,84,13,189,0,0,12
549,84,13,189,0,0,12
550,84,13,188,0,0,12
551,84,13,188,0,0,12
552,84,13,188,0,0,12
553,84,13,188,0,0,12
554,84,13,188,0,0,12
555,81,13,188,0,0,12
556,81,13,188,0,0,12
557,81,13,188,0,0,12
558,81,13,188,0,0,12
559,81,13,188,0,0,12
560,83,13,188,0,0,12
561,84,13,188,0,0,12
562,84,13,188,0,0,12
563,84,13,188,0,0,12
564,84,13,188,0,0,12
565,84,13,188,0,0,12
566,84,13,188,0,0,12
567,84,13,187,0,0,12
568,84,13,187,0,0,12
569,84,13,187,0,0,12
570,84,13,187,0,0,12
571,84,13,187,0,0,12
572,84,13,186,0,0,12
573,84,13,186,0,0,12
574,84,13,185,0,0,11
575,84,13,185,0,0,11
576,84,13,185,0,0,11
577,84,13,185,0,0,11
578,84,13,185,0,0,11
579,84,13,184,0,0,11
580,84,13,184,0,0,11
581,84,13,184,0,0,11
582,84,13,184,0,0,11
583,84,13,184,0,0,11
584,84,13,184,0,0,11
585,84,13,184,0,0,11
586,84,14,183,0,0,11
587,84,14,183,0,0,11
588,84,14,183,0,0,11
589,84,13,183,0,0,11
590,84,13,183,0,0,11
591,84,14,182,0,0,10
592,84,14,182,0,0,10
593,84,14,182,0,0,10
594,84,14,182,0,0,10
595,84,14,182,0,0,10
596,84,14,181,0,0,12
597,84,14,182,0,0,12
598,84,14,181,0,0,11
599,84,14,181,0,0,11
600,84,14,181,0,0,11
601,84,14,181,0,0,11
602,84,14,181,0,0,11
603,84,14,180,0,0,11
604,84,14,180,0,0,11
605,84,14,179,0,0,11
606,84,14,179,0,0,11
607,84,14,179,0,0,11
608,84,14,178,0,0,11
609,84,14,178,0,0,11
610,84,15,176,0,0,11
611,84,15,176,0,0,11
612,84,15,176,0,0,11
613,84,15,176,0,0,10
614,84,15,176,0,0,10
615,84,15,174,0,0,10
616,84,15,174,0,0,10
617,84,15,173,0,0,9
618,84,15,173,0,0,9
619,84,15,173,0,0,9
620,84,15,172,0,0,8
621,84,15,172,0,0,8
622,84,16,170,0,0,7
623,84,16,170,0,0,7
624,84,16,170,0,0,7
625,84,15,169,0,0,7
626,84,15,169,0,0,7
627,84,16,168,0,0,0
628,84,16,168,0,0,0
629,84,16,168,0,0,0
630,84,16,168,0,0,0
631,84,16,168,0,0,0
632,84,16,167,0,0,10
633,84,16,167,0,0,10
634,84,16,167,0,0,0
635,84,16,166,0,0,0
636,84,16,166,0,0,0
637,84,16,167,0,0,0
638,84,16,167,0,0,0
639,84,16,166,0,0,0
640,84,16,166,0,0,5
641,84,16,166,0,0,5
642,84,16,166,0,0,5
643,84,16,166,0,0,5
644,84,16,166,0,0,5
645,84,16,166,0,0,5
646,84,16,167,0,0,0
647,84,16,167,0,0,0
648,84,16,167,0,0,0
649,84,16,167,0,0,4
650,84,16,167,0,0,4
651,84,16,168,0,0,5
652,84,16,168,0,0,0
653,85,15,169,0,0,0
654,84,15,169,0,0,0
655,84,15,169,0,0,0
656,84,15,170,0,0,7
657,84,15,170,0,0,7
658,84,15,172,0,0,7
659,84,15,172,0,0,7
660,84,15,172,0,0,7
661,84,15,173,0,0,7
662,84,15,173,0,0,7
663,84,15,176,0,0,9
664,84,15,176,0,0,9
665,84,14,178,0,0,9
666,84,14,178,0,0,9
667,84,14,178,0,0,9
668,84,14,179,0,0,9
669,84,14,179,0,0,9
670,84,14,182,0,1,9
671,84,14,182,0,0,9
672,84,14,182,0,0,9
673,84,14,183,0,0,9
674,84,14,183,0,0,9
675,84,13,185,0,0,11
676,84,13,185,0,0,11
677,84,13,186,0,0,11
678,84,13,186,0,0,11
679,84,13,186,0,0,11
680,84,13,188,0,0,10
681,84,13,188,0,0,10
682,82,13,189,0,0,9
683,83,13,189,0,0,9
684,83,13,189,0,0,9
685,84,13,189,0,0,10
686,84,13,189,0,0,10
687,81,13,191,0,0,12
688,81,13,191,0,0,12
689,81,13,192,0,0,12
690,81,13,192,0,0,12
691,81,13,192,0,0,12
692,81,13,193,0,0,11
693,81,13,193,0,0,11
694,80,13,195,0,0,12
695,80,13,195,0,0,12
696,80,13,195,0,0,12
697,80,13,195,0,0,11
698,80,13,195,0,0,9
699,75,12,196,0,0,11
700,75,12,196,0,0,11
701,80,12,197,0,0,10
702,80,12,197,0,0,10
703,80,12,197,0,0,10
704,72,12,198,0,0,10
705,72,12,198,0,0,10
706,72,12,199,0,0,5
707,72,12,199,0,0,5
708,72,12,199,0,0,5
709,71,12,200,0,0,6
710,69,12,200,0,0,5
711,67,12,200,0,0,5
712,66,12,200,0,0,5
713,66,12,201,0,0,5
714,66,12,201,0,0,5
715,66,12,201,0,0,5
716,66,12,201,0,0,4
717,66,12,201,0,0,4
718,66,12,202,0,0,5
719,66,12,202,0,0,6
720,66,12,202,0,0,6
721,66,12,203,0,0,6
722,66,12,203,0,0,6
723,66,11,203,0,0,6
724,66,11,203,0,0,6
725,66,11,204,0,0,6
726,66,11,204,0,0,6
727,66,11,203,0,0,6
728,66,11,204,0,0,7
729,66,11,204,0,0,7
730,63,12,204,0,0,6
731,63,12,204,0,0,6
732,62,12,204,0,0,6
733,64,12,204,0,0,7
734,64,12,204,0,0,7
735,60,12,204,0,0,6
736,60,12,204,0,0,6
737,60,12,204,0,0,6
738,60,12,204,0,0,6
739,60,12,204,0,0,6
740,60,12,203,0,0,6
741,60,12,203,0,0,6
742,60,12,203,0,0,6
743,60,12,203,0,0,6
744,60,12,203,0,0,6
745,65,12,203,0,0,6
746,66,12,203,0,0,6
747,62,13,202,0,0,6
748,62,13,202,0,0,6
749,62,13,202,0,0,5
750,62,13,202,0,0,6
751,62,13,202,0,0,6
752,60,14,201,0,0,4
753,60,14,201,0,0,4
754,60,14,201,0,0,5
755,60,14,201,0,0,5
756,60,14,201,0,0,5
757,62,14,200,0,0,6
758,62,14,200,0,0,6
759,62,14,199,0,0,6
760,62,14,199,0,0,6
761,60,14,198,0,0,7
762,60,14,198,0,0,7
763,60,14,198,0,0,7
764,62,14,197,0,0,9
765,62,14,197,0,0,9
766,62,14,197,0,0,10
767,62,14,197,0,0,10
768,62,14,197,0,0,10
769,63,14,196,0,0,11
770,62,14,196,0,0,11
771,62,14,196,0,0,10
772,62,14,196,0,0,10
773,62,14,195,0,0,10
774,62,14,195,0,0,11
775,62,14,195,0,0,10
776,62,14,195,0,0,11
777,62,14,195,0,0,11
778,64,14,194,0,0,11
779,63,14,194,0,0,11
780,63,14,194,0,0,11
781,66,14,193,0,0,11
782,66,14,193,0,0,11
783,66,14,193,0,0,11
784,65,14,193,0,0,11
785,66,14,192,0,0,12
786,66,14,192,0,0,12
787,66,14,192,0,0,12
788,66,14,191,0,0,12
789,66,14,191,0,0,12
790,66,14,190,0,0,12
791,66,14,190,0,0,12
792,66,14,190,0,0,12
793,66,14,190,0,0,12
794,66,14,190,0,0,12
795,66,14,189,0,0,12
796,66,14,189,0,0,12
797,66,14,188,0,0,12
798,66,14,188,0,0,12
799,66,14,188,0,0,12
800,66,14,187,0,0,12
801,66,14,187,0,0,12
802,66,14,186,0,0,11
803,66,14,186,0,0,11
804,66,14,186,0,0,11
805,66,14,186,0,0,12
806,66,14,186,0,0,12
807,66,14,185,0,0,10
808,66,14,185,0,0,10
809,66,15,184,0,0,11
810,66,15,184,0,0,11
811,66,15,184,0,0,11
812,66,15,183,0,0,12
813,66,15,183,0,0,12
814,66,15,182,0,0,12
815,66,15,182,0,0,12
816,66,15,182,0,0,12
817,66,15,182,0,0,11
818,66,15,182,0,0,11
819,68,15,181,0,0,11
820,66,15,181,0,0,11
821,69,15,181,0,0,11
822,69,15,181,0,0,11
823,69,15,181,0,0,11
824,69,15,181,0,0,11
825,69,15,181,0,0,11
826,69,15,180,0,0,11
827,69,15,180,0,0,11
828,69,15,180,0,0,11
829,70,15,180,0,0,11
830,69,15,180,0,0,11
831,68,15,180,0,0,11
832,68,15,180,0,0,11
833,69,15,180,0,0,11
834,69,15,180,0,0,11
835,69,15,180,0,0,11
836,69,15,179,0,0,11
837,70,15,179,0,0,11
838,72,15,180,0,0,11
839,72,15,180,0,0,11
840,70,15,180,0,0,11
841,73,15,180,0,0,11
842,73,15,179,0,0,11
843,73,15,179,0,0,11
844,73,15,179,0,0,10
845,80,15,178,0,0,0
846,80,15,178,0,0,0
847,80,15,178,0,0,0
848,80,15,178,0,0,11
849,80,15,178,0,0,11
850,80,15,177,0,0,11
851,80,15,177,0,0,11
852,80,15,177,0,0,11
853,80,15,176,0,0,11
854,80,15,176,0,0,11
855,80,15,176,0,0,11
856,80,15,176,0,0,11
857,80,15,174,0,0,9
858,80,15,174,0,0,9
859,80,15,174,0,0,9
860,80,15,173,0,0,8
861,80,15,173,0,0,8
862,80,15,171,0,0,6
863,80,15,171,0,0,6
864,80,15,171,0,0,6
865,81,15,170,0,0,6
866,81,15,170,0,0,6
867,81,15,168,0,0,6
868,81,15,168,0,0,6
869,81,15,169,0,0,5
870,81,15,169,0,0,5
871,81,15,169,0,0,5
872,81,15,168,0,0,0
873,81,15,168,0,0,0
874,81,15,167,0,0,8
875,81,15,167,0,0,8
876,81,15,167,0,0,8
877,84,15,167,0,0,5
878,84,15,167,0,0,5
879,84,15,166,0,0,6
880,84,15,166,0,0,5
881,84,15,165,0,0,6
882,84,15,165,0,0,5
883,84,15,165,0,0,5
884,84,15,165,0,0,7
885,84,15,165,0,0,7
886,84,16,164,0,0,6
887,84,16,164,0,0,6
888,84,16,164,0,0,6
889,84,16,163,0,0,6
890,84,16,163,0,0,6
891,84,16,163,0,0,7
892,84,16,163,0,0,7
893,84,16,162,0,0,5
894,84,16,162,0,0,5
895,84,16,162,0,0,5
896,84,16,162,0,0,7
897,84,16,162,0,0,7
898,84,16,160,0,0,9
899,84,16,160,0,0,9
900,84,16,160,0,0,9
901,84,16,160,0,0,4
902,84,16,160,0,0,4
903,84,16,160,0,0,7
904,84,16,160,0,0,7
905,84,17,159,0,0,9
906,84,17,159,0,0,9
907,84,17,159,0,0,9
908,84,16,158,0,0,7
909,84,16,158,0,0,7
910,84,17,158,0,0,9
911,84,17,158,0,0,9
912,84,16,158,0,0,9
913,87,16,158,0,0,6
914,87,16,158,0,0,6
915,84,17,157,0,0,6
916,85,17,157,0,0,6
917,87,17,156,0,0,6
918,87,17,156,0,0,6
919,87,17,156,0,0,6
920,90,17,156,0,0,4
921,90,17,156,0,0,4
922,86,17,156,0,0,6
923,84,17,156,0,0,6
924,87,17,156,0,0,6
925,90,16,156,0,0,6
926,90,16,156,0,0,6
927,87,16,156,0,0,6
928,87,16,156,0,0,6
929,87,16,157,0,0,6
930,87,16,157,0,0,6
931,87,16,157,0,0,6
932,90,16,158,0,0,7
933,88,16,158,0,0,7
934,87,16,158,0,0,5
935,87,16,158,0,0,5
936,87,16,158,0,0,5
937,87,16,159,0,0,5
938,87,16,159,0,0,5
939,87,16,159,0,0,5
940,87,16,159,0,0,5
941,87,15,161,0,0,5
942,87,15,161,0,0,5
943,87,15,161,0,0,5
944,90,15,162,0,0,5
945,90,15,162,0,0,5
946,87,15,162,0,0,5
947,87,15,162,0,0,5
948,87,15,162,0,0,5
949,90,15,164,0,0,5
950,90,15,164,0,0,5
951,87,15,164,0,0,4
952,87,15,164,0,0,4
953,85,15,166,0,0,5
954,85,15,166,0,0,5
955,85,15,166,0,0,5
956,87,15,168,0,0,7
957,87,15,168,0,0,6
958,87,15,169,0,0,6
959,87,15,169,0,0,6
960,90,14,169,0,0,5
961,90,14,172,0,0,4
962,90,14,172,0,0,4
963,90,14,172,0,0,4
964,90,14,172,0,0,4
965,90,14,174,0,0,5
966,90,14,174,0,0,4
967,90,14,174,0,0,5
968,90,14,175,0,0,5
969,90,14,175,0,0,5
970,90,14,175,0,0,4
971,90,14,175,0,0,4
972,90,14,175,0,0,4
973,90,13,176,0,0,4
974,90,13,176,0,0,4
975,90,14,177,0,0,4
976,90,14,177,0,0,4
977,90,13,177,0,0,5
978,90,13,177,0,0,5
979,90,13,177,0,0,5
980,90,13,178,0,0,5
981,90,13,178,0,0,5
982,90,13,178,0,0,1
983,90,13,178,0,0,1
984,90,13,178,0,0,1
985,90,13,179,0,0,3
986,90,13,179,0,0,3
987,90,13,179,0,0,3
988,90,13,179,0,0,3
989,90,13,180,0,0,3
990,90,13,180,0,0,3
991,90,13,180,0,0,3
992,93,13,180,0,0,3
993,93,13,180,0,0,3
994,90,13,180,0,0,4
995,90,13,180,0,0,3
996,90,13,180,0,0,3
997,93,13,181,0,0,4
998,94,13,181,0,0,4
999,90,13,181,0,0,4
1000,90,13,181,0,0,4
1001,90,13,182,0,0,2
1002,90,13,182,0,0,2
1003,90,13,182,0,0,2
1004,90,13,182,0,0,0
1005,90,13,182,0,0,0
1006,90,13,182,0,0,3
1007,90,13,182,0,0,3
1008,90,13,182,0,0,4
1009,90,13,183,0,0,3
1010,90,13,183,0,0,3
1011,90,13,183,0,0,3
1012,90,13,183,0,0,3
1013,93,12,183,0,0,4
1014,93,12,183,0,0,4
1015,93,12,183,0,0,4
1016,90,12,183,0,0,4
1017,93,12,183,0,0,4
1018,90,13,183,0,0,4
1019,90,13,183,0,0,4
1020,90,13,183,0,0,4
1021,94,12,184,0,0,4
1022,94,12,184,0,0,4
1023,94,12,184,0,0,4
1024,94,12,184,0,0,4
1025,94,12,184,0,0,0
1026,94,12,184,0,0,4
1027,94,12,184,0,0,4
1028,94,12,184,0,0,4
1029,94,12,184,0,0,4
1030,94,12,184,0,0,4
1031,94,12,184,0,0,4
1032,94,12,184,0,0,4
1033,100,12,184,0,0,4
1034,100,12,184,0,0,4
1035,100,12,184,0,0,5
1036,99,12,184,0,0,5
1037,100,11,185,0,0,6
1038,100,11,185,0,0,6
1039,100,11,185,0,0,6
1040,100,12,185,0,0,0
1041,100,12,185,0,0,0
1042,100,12,185,0,0,0
1043,100,12,185,0,0,0
1044,100,12,185,0,0,0
1045,100,12,186,0,0,0
1046,100,12,186,0,0,0
1047,100,12,185,0,0,0
1048,100,12,185,0,0,0
1049,100,12,185,0,0,0
1050,100,12,185,0,0,0
1051,100,12,185,0,0,0
1052,98,12,185,0,0,0
1053,98,12,185,0,0,0
1054,100,12,185,0,0,0
1055,100,12,185,0,0,0
1056,100,12,185,0,0,0
1057,100,12,185,0,0,0
1058,100,12,185,0,0,0
1059,100,12,185,0,0,0
1060,100,12,185,0,0,0
1061,100,11,185,0,0,0
1062,100,11,185,0,0,0
1063,100,11,185,0,0,0
1064,100,12,185,0,0,0
1065,100,11,185,0,0,0
1066,100,12,185,0,0,0
1067,100,12,185,0,0,0
1068,100,12,185,0,0,0
1069,100,12,185,0,0,0
1070,100,12,185,0,0,0
1071,95,12,185,0,0,0
1072,96,12,185,0,0,0
1073,95,12,185,0,0,0
1074,95,12,185,0,0,0
1075,95,12,185,0,0,0
1076,100,12,185,0,0,0
1077,100,12,185,0,0,0
1078,98,12,185,0,0,0
1079,97,12,185,0,0,0
1080,99,12,185,0,0,0
1081,100,12,186,0,0,0
1082,100,12,186,0,0,0
1083,100,12,186,0,0,0
1084,100,12,186,0,0,0
1085,100,12,186,0,0,0
1086,100,12,186,0,0,0
1087,100,12,186,0,0,0
1088,100,11,187,0,0,0
1089,100,11,187,0,0,0
1090,99,12,187,0,0,0
1091,99,12,187,0,0,0
1092,99,12,187,0,0,0
1093,100,12,187,0,0,0
1094,100,12,187,0,0,0
1095,100,12,187,0,0,0
1096,100,12,187,0,0,0
1097,90,12,187,0,0,0
1098,90,12,187,0,0,0
1099,92,12,187,0,0,0
1100,96,12,187,0,0,0
1101,98,12,187,0,0,0
1102,94,12,187,0,0,0
1103,94,12,187,0,0,0
1104,94,12,187,0,0,0
1105,94,12,188,0,0,0
1106,94,12,188,0,0,0
1107,97,12,188,0,0,0
1108,95,12,188,0,0,0
1109,90,12,188,0,0,0
1110,90,12,188,0,0,0
1111,90,12,188,0,0,0
1112,90,12,188,0,0,0
1113,90,12,188,0,0,0
1114,90,12,189,0,0,0
1115,90,12,189,0,0,0
1116,90,12,189,0,0,0
1117,90,12,189,0,0,0
1118,90,12,189,0,0,0
1119,90,11,189,0,0,0
1120,90,12,189,0,0,0
1121,90,11,190,0,0,0
1122,90,11,190,0,0,0
1123,90,12,190,0,0,0
1124,95,11,191,0,0,0
1125,95,11,191,0,0,0
1126,94,11,191,0,0,0
1127,94,11,191,0,0,0
1128,94,11,191,0,0,0
1129,94,11,192,0,0,0
1130,93,11,192,0,0,0
1131,90,11,192,0,0,0
1132,90,11,192,0,0,0
1133,90,11,192,0,0,0
1134,90,11,192,0,0,0
1135,90,11,192,0,0,0
1136,90,11,192,0,0,0
1137,93,11,192,0,0,0
1138,93,11,193,0,0,0
1139,93,11,193,0,0,0
1140,93,11,193,0,0,0
1141,94,11,193,0,0,0
1142,94,11,193,0,0,0
1143,93,11,193,0,0,0
1144,92,11,193,0,0,0
1145,95,11,194,0,0,0
1146,95,11,194,0,0,0
1147,95,11,194,0,0,0
1148,93,11,194,0,0,0
1149,95,11,194,0,0,0
1150,94,11,194,0,0,0
1151,94,11,194,0,0,0
1152,94,11,194,0,0,0
1153,94,11,194,0,0,0
1154,94,11,194,0,0,0
1155,94,11,194,0,0,0
1156,93,11,194,0,0,0
1157,94,11,194,0,0,0
1158,93,11,194,0,0,0
1159,93,11,194,0,0,0
1160,96,11,195,0,0,0
1161,100,11,195,0,0,0
1162,100,11,195,0,0,0
1163,100,11,195,0,0,0
1164,99,11,195,0,0,0
1165,100,11,195,0,0,0
1166,100,11,195,0,0,0
1167,100,11,195,0,0,0
1168,98,11,195,0,0,0
1169,94,11,195,0,0,0
1170,94,11,195,0,0,0
1171,94,11,195,0,0,0
1172,90,11,195,0,0,0
1173,90,11,195,0,0,0
1174,90,11,195,0,0,0
1175,90,11,195,0,0,0
1176,90,11,195,0,0,0
1177,95,10,196,0,0,0
1178,95,10,196,0,0,0
1179,95,10,196,0,0,0
1180,94,10,196,0,0,0
1181,94,10,196,0,0,0
1182,94,10,196,0,0,0
1183,94,10,196,0,0,0
1184,90,10,196,0,0,0
1185,90,10,196,0,0,0
1186,92,10,197,0,0,0
1187,92,10,197,0,0,0
1188,90,10,197,0,0,0
1189,90,10,197,0,0,0
1190,90,10,197,0,0,0
1191,90,10,197,0,0,0
1192,90,10,197,0,0,0
1193,90,10,197,0,0,0
1194,90,10,197,0,0,0
1195,90,10,197,0,0,0
1196,84,10,197,0,0,0
1197,84,10,197,0,0,0
1198,87,10,198,0,0,0
1199,90,10,198,0,0,0
1200,90,9,198,0,0,0
1201,90,9,199,0,0,0
1202,90,9,199,0,0,0
1203,90,9,199,0,0,0
1204,90,9,199,0,0,0
1205,88,9,200,0,0,0
1206,87,10,200,0,0,0
1207,88,10,200,0,0,0
1208,87,10,200,0,0,0
1209,87,9,200,0,0,0
1210,84,10,200,0,0,0
1211,84,10,200,0,0,0
1212,84,10,200,0,0,0
1213,84,9,201,0,0,0
1214,84,9,201,0,0,0
1215,81,9,200,0,0,0
1216,81,9,200,0,0,0
1217,84,9,201,0,0,0
1218,84,9,201,0,0,0
1219,84,9,201,0,0,0
1220,81,9,201,0,0,0
1221,83,9,201,0,0,0
1222,80,9,200,0,0,0
1223,80,9,200,0,0,0
1224,80,9,200,0,0,0
1225,78,9,201,0,0,0
1226,73,9,201,0,0,0
1227,55,10,201,0,0,0
1228,55,10,201,0,0,0
1229,55,10,200,0,0,0
1230,55,10,200,0,0,0
1231,55,10,200,0,0,0
1232,55,10,200,0,0,0
1233,55,10,200,0,0,0
1234,55,10,200,0,0,0
1235,55,10,200,0,0,0
1236,55,10,200,0,0,0
1237,55,10,201,0,0,0
1238,55,10,201,0,0,0
1239,55,10,201,0,0,0
1240,55,10,201,0,0,0
1241,55,10,201,0,0,0
1242,55,10,201,0,0,0
1243,55,10,201,0,0,0
1244,55,10,201,0,0,0
1245,55,10,201,0,0,0
1246,55,10,201,0,0,0
1247,55,10,201,0,0,0
1248,55,10,201,0,0,0
1249,55,10,201,0,0,0
1250,55,10,201,0,0,0
1251,55,9,202,0,0,0
1252,55,9,202,0,0,0
1253,55,10,202,0,0,0
1254,55,9,202,0,0,0
1255,55,9,202,0,0,0
1256,55,9,202,0,0,0
1257,55,9,202,0,0,0
1258,55,9,202,0,0,0
1259,55,9,202,0,0,0
1260,55,9,202,0,0,0
1261,55,9,202,0,0,0
1262,55,9,202,0,0,0
1263,55,9,202,0,0,0
1264,55,9,202,0,0,0
1265,55,9,203,0,0,0
1266,55,9,203,0,0,0
1267,55,9,203,0,0,0
1268,55,9,203,0,0,0
1269,55,9,203,0,0,0
1270,55,9,203,0,0,0
1271,55,9,203,0,0,0
1272,55,9,203,0,0,0
1273,55,9,203,0,0,0
1274,55,9,203,0,0,0
1275,55,9,203,0,0,0
1276,55,9,203,0,0,0
1277,55,10,203,0,0,0
1278,55,10,203,0,0,0
1279,55,10,203,0,0,0
1280,55,9,203,0,0,0
1281,55,9,203,0,0,0
1282,55,9,203,0,0,0
1283,55,9,203,0,0,0
1284,55,9,203,0,0,0
1285,55,9,203,0,0,0
1286,55,9,203,0,0,0
1287,55,9,203,0,0,0
1288,55,9,203,0,0,3
1289,55,9,203,0,0,0
1290,55,9,203,0,0,0
1291,55,9,203,0,0,0
1292,55,9,203,0,0,0
1293,55,9,203,0,0,0
1294,55,9,203,0,0,0
1295,55,9,203,0,0,0
1296,55,9,203,0,0,0
1297,60,9,203,0,0,0
1298,60,9,203,0,0,0
1299,55,9,203,0,0,0
1300,55,9,203,0,0,0
1301,56,9,203,0,0,0
1302,55,9,203,0,0,0
1303,56,9,203,0,0,0
1304,55,9,204,0,0,0
1305,55,9,204,0,0,0
1306,55,9,204,0,0,0
1307,55,9,204,0,0,0
1308,55,9,204,0,0,0
1309,55,9,204,0,0,0
1310,55,9,204,0,0,0
1311,55,9,204,0,0,0
1312,55,9,204,0,0,0
1313,55,9,204,0,0,0
1314,55,9,204,0,0,0
1315,55,9,204,0,0,0
1316,55,9,204,0,0,0
1317,55,9,204,0,0,0
1318,55,9,205,0,0,0
1319,55,9,205,0,0,0
1320,55,9,205,0,0,0
1321,60,9,205,0,0,0
1322,56,9,205,0,0,0
1323,55,9,205,0,0,0
1324,55,9,205,0,0,0
1325,55,9,206,0,0,0
1326,55,9,206,0,0,0
1327,55,9,206,0,0,0
1328,55,9,206,0,0,0
1329,55,9,206,0,0,0
1330,55,9,206,0,0,0
1331,55,9,206,0,0,0
1332,55,9,206,0,0,0
1333,55,9,206,0,0,0
1334,55,9,206,0,0,0
1335,55,9,206,0,0,0
1336,55,9,206,0,0,0
1337,60,9,206,0,0,0
1338,57,9,206,0,0,0
1339,60,9,206,0,0,0
1340,55,9,206,0,0,0
1341,55,9,206,0,0,0
1342,55,9,206,0,0,0
1343,55,9,206,0,0,0
1344,55,9,206,0,0,0
1345,55,9,206,0,0,0
1346,60,9,206,0,0,0
1347,60,9,206,0,0,0
1348,60,9,206,0,0,0
1349,56,9,206,0,0,0
1350,56,9,206,0,0,0
1351,56,9,206,0,0,0
1352,56,9,205,0,0,0
1353,56,9,205,0,0,0
1354,55,10,205,0,0,3
1355,55,10,205,0,0,3
1356,55,10,205,0,0,3
1357,60,10,205,0,0,0
1358,60,10,205,0,0,0
1359,55,11,204,0,0,0
1360,55,10,204,0,0,0
1361,55,10,204,0,0,0
1362,55,10,204,0,0,0
1363,55,11,204,0,0,0
1364,50,11,203,0,0,0
1365,50,11,203,0,0,0
1366,50,11,202,0,0,0
1367,50,11,202,0,0,0
1368,50,11,202,0,0,0
1369,50,11,202,0,0,0
1370,50,11,202,0,0,0
1371,49,12,201,0,0,0
1372,48,12,201,0,0,0
1373,46,12,199,0,0,0
1374,45,12,199,0,0,0
1375,45,12,199,0,0,0
1376,46,12,196,0,0,0
1377,46,12,196,0,0,0
1378,47,13,193,0,0,0
1379,47,13,193,0,0,0
1380,47,13,193,0,0,0
1381,46,13,191,0,0,0
1382,46,13,191,0,0,0
1383,46,14,189,0,0,0
1384,46,14,189,0,0,0
1385,46,14,187,0,0,0
1386,46,14,187,0,0,0
1387,46,14,187,0,0,0
1388,46,14,185,0,0,0
1389,46,14,185,0,0,0
1390,44,14,185,0,0,0
1391,44,14,185,0,0,0
1392,44,14,185,0,0,0
1393,42,14,185,0,0,0
1394,42,14,185,0,0,0
1395,42,13,185,0,0,0
1396,42,13,185,0,0,0
1397,42,14,184,0,0,0
1398,42,14,184,0,0,0
1399,42,14,184,0,0,0
1400,42,13,185,0,0,0
1401,42,13,185,0,0,0
1402,42,13,185,0,0,0
1403,42,13,185,0,0,0
1404,42,13,185,0,0,0
1405,42,13,186,0,0,0
1406,42,13,186,0,0,0
1407,43,12,188,0,0,0
1408,44,12,188,0,0,0
1409,44,13,189,0,0,0
1410,44,13,189,0,0,0
1411,44,13,189,0,0,0
1412,43,12,191,0,0,0
1413,43,12,191,0,0,0
1414,43,12,190,0,0,0
1415,43,12,190,0,0,0
1416,43,12,190,0,0,0
1417,42,12,189,0,0,0
1418,42,12,189,0,0,0
1419,44,12,188,0,0,0
1420,44,12,188,0,0,0
1421,44,12,189,0,0,0
1422,44,12,189,0,0,0
1423,44,12,189,0,0,0
1424,42,12,190,0,0,0
1425,42,12,190,0,0,0
1426,42,12,191,0,0,0
1427,42,12,191,0,0,0
1428,42,12,191,0,0,0
1429,42,12,191,0,0,0
1430,42,12,191,0,0,0
1431,44,12,190,0,0,0
1432,44,12,190,0,0,0
1433,46,13,190,0,0,0
1434,46,13,190,0,0,0
1435,46,13,190,0,0,0
1436,49,13,190,0,0,0
1437,48,13,190,0,0,0
1438,50,13,191,0,0,0
1439,50,13,191,0,0,0
1440,50,13,191,0,0,0
1441,50,13,192,0,0,0
1442,50,13,192,0,0,0
1443,50,13,191,0,0,0
1444,50,13,191,0,0,0
1445,50,13,192,0,0,0
1446,50,13,192,0,0,0
1447,50,13,192,0,0,0
1448,50,13,193,0,0,0
1449,50,13,193,0,0,0
1450,50,13,193,0,0,0
1451,50,13,193,0,0,0
1452,50,13,193,0,0,0
1453,50,13,194,0,0,0
1454,50,13,194,0,0,0
1455,50,13,195,0,0,0
1456,50,13,195,0,0,0
1457,50,13,197,0,0,0
1458,50,13,197,0,0,0
1459,50,13,197,0,0,0
1460,50,12,198,0,0,0
1461,49,12,198,0,0,0
1462,50,12,201,0,0,0
1463,50,12,201,0,0,0
1464,50,12,201,0,0,0
1465,49,11,202,0,0,0
1466,50,11,202,0,0,0
1467,54,12,203,0,0,0
1468,54,12,203,0,0,0
1469,54,12,204,0,0,0
1470,54,12,204,0,0,0
1471,54,12,204,0,0,0
1472,53,12,204,0,0,0
1473,53,12,204,0,0,0
1474,50,12,205,0,0,0
1475,50,12,205,0,0,0
1476,50,12,205,0,0,0
1477,50,12,205,0,0,0
1478,50,11,205,0,0,0
1479,51,11,205,0,0,0
1480,52,11,205,0,0,0
1481,54,11,205,0,0,0
1482,54,11,205,0,0,0
1483,54,11,205,0,0,0
1484,54,11,204,0,0,0
1485,54,11,204,0,0,0
1486,54,11,204,0,0,0
1487,54,11,204,0,0,0
1488,54,11,204,0,0,0
1489,54,11,204,0,0,0
1490,54,11,204,0,0,0
1491,54,11,204,0,0,0
1492,54,11,204,0,0,0
1493,54,11,204,0,0,0
1494,54,11,204,0,0,0
1495,54,11,204,0,0,0
1496,54,11,203,0,0,0
1497,54,11,203,0,0,0
1498,54,11,203,0,0,0
1499,54,11,203,0,0,0
1500,54,12,203,0,0,0
1501,54,12,203,0,0,0
1502,54,12,203,0,0,0
1503,54,11,203,0,0,0
1504,54,11,203,0,0,0
1505,54,11,203,0,0,0
1506,54,11,203,0,0,0
1507,54,11,203,0,0,0
1508,54,11,202,0,0,0
1509,54,11,202,0,0,0
1510,54,11,202,0,0,0
1511,54,11,202,0,0,0
1512,54,11,201,0,0,0
1513,54,11,201,0,0,0
1514,54,11,201,0,0,0
1515,55,11,200,0,0,0
1516,55,11,200,0,0,0
1517,55,11,200,0,0,0
1518,54,11,200,0,0,0
1519,55,11,200,0,0,0
1520,55,11,200,0,0,0
1521,55,11,200,0,0,0
1522,55,11,199,0,0,0
1523,55,11,199,0,0,0
1524,55,11,198,0,0,0
1525,55,11,198,0,0,0
1526,55,11,198,0,0,0
1527,54,11,198,0,0,0
1528,54,11,198,0,0,0
1529,55,11,198,0,0,0
1530,55,11,198,0,0,0
1531,55,11,198,0,0,0
1532,54,11,198,0,0,0
1533,55,11,198,0,0,0
1534,54,11,197,0,0,0
1535,54,11,197,0,0,0
1536,54,11,197,0,0,0
1537,54,11,197,0,0,0
1538,54,11,197,0,0,0
1539,54,11,197,0,0,0
1540,54,11,197,0,0,0
1541,54,11,197,0,0,0
1542,54,11,197,0,0,0
1543,54,11,197,0,0,0
1544,55,10,197,0,0,0
1545,55,10,197,0,0,0
1546,55,10,196,0,0,0
1547,55,10,196,0,0,0
1548,55,10,196,0,0,0
1549,55,10,196,0,0,0
1550,55,10,196,0,0,0
1551,55,10,195,0,0,0
1552,55,10,195,0,0,0
1553,54,11,195,0,0,0
1554,54,11,195,0,0,0
1555,54,11,195,0,0,0
1556,55,10,195,0,0,0
1557,55,10,195,0,0,0
1558,55,10,194,0,0,0
1559,55,10,194,0,0,0
1560,55,10,194,0,0,0
1561,55,10,194,0,0,0
1562,55,10,194,0,0,0
1563,55,10,194,0,0,0
1564,55,10,194,0,0,0
1565,55,10,194,0,0,0
1566,55,10,194,0,0,0
1567,55,10,194,0,0,0
1568,55,10,194,0,0,0
1569,55,10,194,0,0,0
1570,55,10,193,0,0,0
1571,55,10,193,0,0,0
1572,55,10,193,0,0,0
1573,55,10,193,0,0,0
1574,55,10,193,0,0,0
1575,55,10,192,0,0,0
1576,55,10,192,0,0,0
1577,55,11,192,0,0,0
1578,55,11,192,0,0,0
1579,55,11,192,0,0,0
1580,55,10,192,0,0,0
1581,55,10,192,0,0,0
1582,55,11,191,0,0,0
1583,55,11,191,0,0,0
1584,55,10,191,0,0,0
1585,55,10,191,0,0,0
1586,55,10,191,0,0,0
1587,55,10,191,0,0,0
1588,55,10,191,0,0,0
1589,55,10,191,0,0,0
1590,55,10,191,0,0,0
1591,55,10,191,0,0,0
1592,55,10,191,0,0,0
1593,55,10,191,0,0,0
1594,55,10,190,0,0,0
1595,55,10,190,0,0,0
1596,55,10,191,0,0,0
1597,55,10,191,0,0,0
1598,55,10,191,0,0,0
1599,55,10,190,0,0,0
1600,55,10,190,0,0,0
1601,55,10,190,0,0,0
1602,55,10,190,0,0,0
1603,55,10,190,0,0,0
1604,55,10,190,0,0,0
1605,55,10,190,0,0,0
1606,55,10,190,0,0,0
1607,55,10,190,0,0,0
1608,55,10,190,0,0,0
1609,55,10,190,0,0,0
1610,55,10,190,0,0,0
1611,55,10,190,0,0,0
1612,55,10,190,0,0,0
1613,55,10,190,0,0,0
1614,55,10,190,0,0,0
1615,55,10,190,0,0,0
1616,55,10,190,0,0,0
1617,55,10,190,0,0,0
1618,55,10,189,0,0,0
1619,55,10,189,0,0,0
1620,55,10,189,0,0,0
1621,55,10,189,0,0,0
1622,55,10,189,0,0,0
1623,55,10,189,0,0,0
1624,55,10,189,0,0,0
1625,55,10,188,0,0,0
1626,55,10,188,0,0,0
1627,55,10,188,0,0,0
1628,56,10,188,0,0,0
1629,56,10,188,0,0,0
1630,55,10,188,0,0,0
1631,55,10,187,0,0,0
1632,55,10,187,0,0,0
1633,56,10,187,0,0,0
1634,55,10,187,0,0,0
1635,55,10,187,0,0,0
1636,55,10,187,0,0,0
1637,55,10,186,0,0,0
1638,55,10,186,0,0,0
1639,55,10,186,0,0,0
1640,55,10,186,0,0,0
1641,55,10,186,0,0,0
1642,55,10,186,0,0,0
1643,55,10,186,0,0,0
1644,55,10,185,0,0,0
1645,55,10,185,0,0,0
1646,55,10,185,0,0,0
1647,55,10,185,0,0,0
1648,55,10,185,0,0,0
1649,55,10,185,0,0,0
1650,55,10,185,0,0,0
1651,55,10,185,0,0,0
1652,60,10,185,0,0,0
1653,57,10,185,0,0,0
1654,59,10,184,0,0,3
1655,57,10,184,0,0,3
1656,60,10,184,0,0,3
1657,60,10,184,0,0,3
1658,60,10,184,0,0,3
1659,60,10,183,0,0,3
1660,60,10,183,0,0,3
1661,60,10,183,0,0,3
1662,60,10,183,0,0,3
1663,60,10,183,0,0,3
1664,60,10,183,0,0,0
1665,60,10,183,0,0,0
1666,60,10,183,0,0,0
1667,60,10,183,0,0,0
1668,60,10,183,0,0,0
1669,60,10,183,0,0,0
1670,60,10,183,0,0,0
1671,60,10,183,0,0,0
1672,60,10,183,0,0,0
1673,60,10,182,0,0,6
1674,60,10,182,0,0,6
1675,60,10,182,0,0,6
1676,60,10,182,0,0,5
1677,60,10,182,0,0,5
1678,55,11,182,0,0,5
1679,56,11,182,0,0,5
1680,66,10,182,0,0,5
1681,66,10,182,0,0,5
1682,66,10,182,0,0,5
1683,66,10,182,0,0,5
1684,66,10,182,0,0,5
1685,66,11,182,0,0,0
1686,66,11,182,0,0,0
1687,66,11,182,0,0,0
1688,66,11,182,0,0,0
1689,66,11,182,0,0,0
1690,66,11,182,0,0,0
1691,66,11,182,0,0,0
1692,66,11,182,0,0,0
1693,66,11,182,0,0,0
1694,66,11,182,0,0,0
1695,66,11,183,0,0,0
1696,66,11,183,0,0,0
1697,66,11,183,0,0,0
1698,66,11,183,0,0,0
1699,66,11,183,0,0,0
1700,66,11,183,0,0,0
1701,66,11,183,0,0,0
1702,66,11,183,0,0,0
1703,66,10,183,0,0,0
1704,66,10,184,0,0,0
1705,66,10,184,0,0,0
1706,66,10,183,0,0,0
1707,80,10,183,0,0,0
1708,80,10,183,0,0,0
1709,81,10,183,0,0,0
1710,80,10,183,0,0,0
1711,81,10,183,0,0,0
1712,81,10,183,0,0,0
1713,81,10,183,0,0,0
1714,80,10,183,0,0,0
1715,80,10,183,0,0,0
1716,80,10,184,0,0,0
1717,80,10,184,0,0,0
1718,80,10,184,0,0,0
1719,81,10,183,0,0,0
1720,80,10,183,0,0,0
1721,81,10,183,0,0,0
1722,80,10,183,0,0,0
1723,81,10,183,0,0,0
1724,81,10,183,0,0,0
1725,81,10,183,0,0,0
1726,81,10,183,0,0,0
1727,81,10,183,0,0,0
1728,81,10,183,0,0,0
1729,81,10,183,0,0,0
1730,81,10,183,0,0,0
1731,84,10,183,0,0,0
1732,84,10,183,0,0,0
1733,84,10,183,0,0,0
1734,84,10,183,0,0,0
1735,84,10,183,0,0,0
1736,84,10,183,0,0,0
1737,84,10,183,0,0,0
1738,84,10,183,0,0,0
1739,84,10,183,0,0,0
1740,84,10,183,0,0,0
1741,84,10,183,0,0,0
1742,84,10,183,0,0,0
1743,84,10,183,0,0,0
1744,84,10,183,0,0,0
1745,84,11,183,0,0,0
1746,84,11,183,0,0,0
1747,84,11,183,0,0,0
1748,84,11,182,0,0,0
1749,84,11,182,0,0,0
1750,83,11,182,0,0,0
1751,84,11,182,0,0,0
1752,81,11,182,0,0,0
1753,81,11,182,0,0,0
1754,81,11,182,0,0,0
1755,81,11,182,0,0,1
1756,81,11,182,0,0,1
1757,72,11,182,0,0,1
1758,72,11,182,0,0,1
1759,72,11,182,0,0,1
1760,50,27,142,0,1,0
1761,50,27,142,0,0,0
1762,50,27,144,0,0,0
1763,50,27,144,0,0,0
1764,50,27,144,0,0,0
1765,50,27,144,0,0,0
1766,50,27,144,0,0,0
1767,50,26,145,0,0,0
1768,50,26,145,0,0,0
1769,50,25,147,0,0,0
1770,50,25,147,0,0,0
1771,50,25,147,0,0,0
1772,50,24,148,0,0,0
1773,50,24,148,0,0,0
1774,50,23,150,0,0,0
1775,50,23,150,0,0,0
1776,42,23,153,0,0,0
1777,42,23,153,0,0,0
1778,42,23,153,0,0,0
1779,42,23,155,0,0,0
1780,42,23,155,0,0,0
1781,42,22,159,0,0,0
1782,42,22,159,0,0,0
1783,42,22,159,0,0,0
1784,42,21,161,0,0,0
1785,42,21,161,0,0,0
1786,42,20,164,0,0,0
1787,42,20,164,0,0,0
1788,41,19,168,0,0,0
1789,41,19,168,0,0,0
1790,41,19,168,0,0,0
1791,41,18,171,0,0,0
1792,41,18,171,0,0,0
1793,41,17,172,0,0,0
1794,41,17,172,0,0,0
1795,41,17,172,0,0,0
1796,41,17,173,0,0,0
1797,41,17,173,0,0,0
1798,41,17,173,0,0,0
1799,41,17,173,0,0,0
1800,39,17,173,0,0,0
1801,39,17,173,0,0,0
1802,39,17,173,0,0,0
1803,37,16,173,0,0,0
1804,38,16,173,0,0,0
1805,34,16,173,0,0,0
1806,34,16,173,0,0,0
1807,34,16,173,0,0,0
1808,34,16,173,0,0,0
1809,34,16,173,0,0,0
1810,34,16,172,0,0,0
1811,34,16,172,0,0,0
1812,35,16,171,0,0,0
1813,35,16,171,0,0,0
1814,35,16,171,0,0,0
1815,38,16,170,0,0,0
1816,38,16,170,0,0,0
1817,39,16,169,0,0,0
1818,39,16,169,0,0,0
1819,39,16,169,0,0,0
1820,41,16,168,0,0,0
1821,41,16,168,0,0,0
1822,40,16,166,0,0,0
1823,40,16,166,0,0,0
1824,41,16,165,0,0,0
1825,41,16,165,0,0,0
1826,41,16,165,0,0,0
1827,41,17,163,0,0,0
1828,41,17,163,0,0,0
1829,39,17,164,0,0,0
1830,39,17,164,0,0,0
1831,39,17,164,0,0,0
1832,40,17,164,0,0,0
1833,39,17,164,0,0,0
1834,40,17,165,0,0,0
1835,39,17,165,0,0,0
1836,40,17,166,0,0,0
1837,40,17,166,0,0,0
1838,41,17,166,0,0,0
1839,41,17,167,0,0,0
1840,40,17,167,0,0,0
1841,39,17,168,0,0,0
1842,39,17,168,0,0,0
1843,39,17,168,0,0,0
1844,38,16,169,0,0,0
1845,38,16,169,0,0,0
1846,38,16,170,0,0,0
1847,37,16,170,0,0,0
1848,37,16,171,0,0,0
1849,37,16,171,0,0,0
1850,37,16,171,0,0,0
1851,34,16,171,0,0,0
1852,34,16,171,0,0,0
1853,34,15,172,0,0,0
1854,34,15,172,0,0,0
1855,34,15,172,0,0,0
1856,34,15,172,0,0,0
1857,34,15,172,0,0,0
1858,34,15,173,0,0,0
1859,34,15,173,0,0,0
1860,34,15,173,0,0,0
1861,34,15,173,0,0,0
1862,34,15,173,0,0,0
1863,34,15,174,0,0,0
1864,34,15,174,0,0,0
1865,34,15,174,0,0,0
1866,34,15,174,0,0,0
1867,34,15,174,0,0,0
1868,34,15,175,0,0,0
1869,34,15,174,0,0,0
1870,34,15,175,0,0,0
1871,34,15,175,0,0,0
1872,34,16,174,0,0,0
1873,34,16,174,0,0,0
1874,34,16,174,0,0,0
1875,34,16,175,0,0,0
1876,34,16,175,0,0,0
1877,34,16,175,0,0,0
1878,34,16,175,0,0,0
1879,34,16,175,0,0,0
1880,34,16,175,0,0,0
1881,34,16,175,0,0,0
1882,34,16,175,0,0,0
1883,34,16,175,0,0,0
1884,55,14,201,0,0,0
1885,55,14,201,0,0,0
1886,55,14,201,0,0,0
1887,55,13,202,0,0,0
1888,55,13,202,0,0,0
1889,54,13,203,0,0,6
1890,54,13,203,0,0,6
1891,54,13,203,0,0,6
1892,54,12,204,0,0,3
1893,54,12,204,0,0,3
1894,54,12,205,0,0,4
1895,54,12,205,0,0,3
1896,54,12,205,0,0,4
1897,54,12,205,0,0,4
1898,54,12,205,0,0,4
1899,54,12,204,0,1,4
1900,54,12,204,0,0,4
1901,54,12,205,0,0,4
1902,54,12,205,0,0,4
1903,54,12,205,0,0,4
1904,52,12,205,0,0,2
1905,52,12,205,0,0,2
1906,52,12,205,0,0,2
1907,52,12,205,0,0,2
1908,51,13,204,0,0,7
1909,51,13,204,0,0,7
1910,51,13,204,0,0,7
1911,52,12,204,0,0,7
1912,52,12,204,0,0,7
1913,54,12,205,0,0,0
1914,54,12,205,0,0,0
1915,54,12,205,0,0,0
1916,54,12,205,0,0,7
1917,54,12,205,0,0,7
1918,54,12,205,0,0,8
1919,54,12,205,0,0,8
1920,54,12,206,0,0,7
1921,54,12,206,0,0,7
1922,54,12,206,0,0,7
1923,54,12,206,0,0,7
1924,54,12,206,0,0,7
1925,54,12,206,0,0,7
1926,54,12,206,0,0,7
1927,54,12,206,0,0,7
1928,54,12,206,0,0,7
1929,54,12,206,0,0,7
1930,54,12,206,0,0,9
1931,54,12,206,0,0,9
1932,54,11,207,0,0,8
1933,54,11,207,0,0,8
1934,54,11,207,0,0,8
1935,54,11,207,0,0,7
1936,54,11,207,0,0,7
1937,54,12,207,0,0,7
1938,54,12,207,0,0,7
1939,54,12,207,0,0,7
1940,54,12,207,0,0,7
1941,54,12,207,0,0,7
1942,54,12,206,0,0,6
1943,54,12,206,0,0,6
1944,55,12,206,0,0,7
1945,55,12,206,0,0,7
1946,55,12,206,0,0,7
1947,55,12,206,0,0,7
1948,55,12,206,0,0,7
1949,55,12,205,0,0,5
1950,55,12,205,0,0,5
1951,55,12,205,0,0,5
1952,58,12,205,0,0,4
1953,58,12,205,0,0,4
1954,58,12,206,0,0,2
1955,58,12,205,0,0,2
1956,58,13,205,0,0,2
1957,58,13,205,0,0,2
1958,58,13,205,0,0,2
1959,58,13,205,0,0,1
1960,58,13,205,0,0,1
1961,58,13,205,0,0,2
1962,58,13,205,0,0,2
1963,58,13,205,0,0,2
1964,58,13,205,0,0,3
1965,58,13,205,0,0,3
1966,58,13,204,0,0,4
1967,58,13,204,0,0,4
1968,58,14,204,0,0,6
1969,58,14,204,0,0,6
1970,58,14,204,0,0,6
1971,58,14,203,0,0,5
1972,58,14,203,0,0,5
1973,57,15,203,0,0,3
1974,57,15,203,0,0,3
1975,57,15,203,0,0,3
1976,55,14,204,0,0,3
1977,55,14,204,0,0,3
1978,55,14,203,0,0,3
1979,55,14,203,0,0,3
1980,55,14,204,0,0,3
1981,55,14,204,0,0,3
1982,55,14,204,0,0,3
1983,55,13,204,0,0,3
1984,55,13,204,0,0,3
1985,55,14,204,0,0,4
1986,55,14,204,0,0,4
1987,55,14,204,0,0,4
1988,55,13,203,0,0,2
1989,55,14,203,0,0,2
1990,55,14,203,0,0,3
1991,55,14,203,0,0,3
1992,54,14,202,0,0,1
1993,54,14,202,0,0,1
1994,54,14,202,0,0,1
1995,54,14,202,0,0,2
1996,54,14,202,0,0,2
1997,54,14,202,0,0,0
1998,54,14,202,0,0,0
1999,54,14,202,0,0,0
2000,54,14,202,0,0,2
2001,54,14,202,0,0,2
2002,54,14,201,0,0,0
2003,54,14,201,0,0,0
2004,54,14,200,0,0,3
2005,54,14,200,0,0,3
2006,54,14,200,0,0,3
2007,54,14,200,0,0,3
2008,54,14,200,0,0,4
2009,54,14,198,0,0,5
2010,54,14,198,0,0,5
2011,54,14,198,0,0,5
2012,54,14,198,0,0,6
2013,54,14,198,0,0,6
2014,54,14,197,0,0,6
2015,54,14,197,0,0,6
2016,54,14,197,0,0,6
2017,54,14,197,0,0,6
2018,54,14,197,0,0,6
2019,54,14,197,0,0,6
2020,54,14,197,0,0,6
2021,54,14,197,0,0,0
2022,54,14,197,0,0,0
2023,54,14,197,0,0,0
2024,54,14,196,0,0,0
2025,54,14,196,0,0,0
2026,53,14,196,0,0,0
2027,53,14,196,0,0,0
2028,50,14,196,0,0,0
2029,50,14,196,0,0,0
2030,50,14,196,0,0,0
2031,50,14,196,0,0,0
2032,52,15,196,0,0,0
2033,51,15,196,0,0,0
2034,52,15,196,0,0,0
2035,51,15,196,0,0,0
2036,53,15,196,0,0,0
2037,52,15,196,0,0,0
2038,52,15,195,0,0,0
2039,52,15,195,0,0,0
2040,50,15,196,0,0,0
2041,50,15,195,0,0,0
2042,50,15,196,0,0,0
2043,51,15,195,0,0,0
2044,50,15,195,0,0,0
2045,53,14,195,0,0,0
2046,53,14,195,0,0,0
2047,53,15,195,0,0,0
2048,53,15,196,0,0,0
2049,53,15,196,0,0,0
2050,53,15,196,0,0,0
2051,53,15,196,0,0,0
2052,51,15,195,0,0,0
2053,51,15,195,0,0,0
2054,51,15,195,0,0,0
2055,50,15,195,0,0,0
2056,50,15,195,0,0,0
2057,51,14,195,0,0,0
2058,50,14,195,0,0,0
2059,51,15,195,0,0,0
2060,52,14,195,0,0,0
2061,52,14,195,0,0,0
2062,51,14,195,0,0,0
2063,51,14,195,0,0,0
2064,50,15,195,0,0,0
2065,50,15,195,0,0,0
2066,50,15,195,0,0,0
2067,51,15,194,0,0,0
2068,51,15,194,0,0,0
2069,52,15,194,0,0,0
2070,52,15,194,0,0,0
2071,52,15,194,0,0,0
2072,53,15,193,0,0,0
2073,53,14,193,0,0,0
2074,53,14,192,0,0,0
2075,53,15,192,0,0,0
2076,54,14,191,0,0,0
2077,54,14,191,0,0,0
2078,53,14,191,0,0,0
2079,52,14,190,0,0,0
2080,53,14,190,0,0,0
2081,51,14,190,0,0,0
2082,51,14,190,0,0,0
2083,51,14,190,0,0,0
2084,50,14,189,0,0,0
2085,50,14,189,0,0,0
2086,50,14,188,0,0,0
2087,50,14,188,0,0,0
2088,50,14,186,0,0,0
2089,50,14,186,0,0,0
2090,50,14,186,0,0,0
2091,50,15,185,0,0,0
2092,50,15,185,0,0,0
2093,50,15,184,0,0,0
2094,50,15,184,0,0,0
2095,50,15,184,0,0,0
2096,50,14,183,0,0,0
2097,50,14,183,0,0,0
2098,50,15,182,0,0,0
2099,50,15,182,0,0,0
2100,50,15,180,0,0,0
2101,50,15,180,0,0,0
2102,50,15,180,0,0,0
2103,50,15,180,0,0,0
2104,50,15,180,0,0,0
2105,50,15,178,0,0,0
2106,50,15,178,0,0,0
2107,50,15,178,0,0,0
2108,50,15,177,0,0,0
2109,50,15,177,0,0,0
2110,50,16,176,0,0,0
2111,50,16,176,0,0,0
2112,50,16,175,0,0,0
2113,50,16,175,0,0,0
2114,50,16,175,0,0,0
2115,50,16,173,0,0,0
2116,50,16,173,0,0,0
2117,50,17,172,0,0,0
2118,50,17,172,0,0,0
2119,50,17,172,0,0,0
2120,50,16,171,0,0,0
2121,50,16,171,0,0,0
2122,50,16,170,0,0,0
2123,50,16,170,0,0,0
2124,48,16,170,0,0,0
2125,49,16,170,0,0,0
2126,48,16,170,0,0,0
2127,50,16,170,0,0,0
2128,50,16,170,0,0,0
2129,50,16,170,0,0,0
2130,50,16,170,0,0,0
2131,50,16,170,0,0,0
2132,50,16,170,0,0,0
2133,50,16,170,0,0,0
2134,50,16,169,0,0,0
2135,50,16,169,0,0,0
2136,50,16,170,0,0,0
2137,50,16,170,0,0,0
2138,50,16,170,0,0,0
2139,50,16,170,0,0,0
2140,50,16,170,0,0,0
2141,50,16,171,0,0,0
2142,50,16,171,0,0,0
2143,50,16,171,0,0,0
2144,50,16,172,0,0,0
2145,50,16,172,0,0,0
2146,50,16,172,0,0,0
2147,50,16,173,0,0,0
2148,50,15,174,0,0,0
2149,50,15,174,0,0,0
2150,50,15,174,0,0,0
2151,50,15,175,0,0,0
2152,50,15,175,0,0,0
2153,50,15,176,0,0,0
2154,50,15,176,0,0,0
2155,50,15,176,0,0,0
2156,50,14,178,0,0,0
2157,50,14,178,0,0,0
2158,50,14,179,0,0,0
2159,50,14,179,0,0,0
2160,50,14,180,0,0,0
2161,50,14,180,0,0,0
2162,50,14,180,0,0,0
2163,50,13,182,0,0,0
2164,50,13,182,0,0,0
2165,50,13,183,0,0,0
2166,50,13,183,0,0,0
2167,50,13,183,0,0,0
2168,50,13,184,0,0,0
2169,50,13,184,0,0,0
2170,50,13,185,0,0,0
2171,50,13,185,0,0,0
2172,50,13,186,0,0,0
2173,50,13,186,0,0,0
2174,50,13,186,0,0,0
2175,50,13,188,0,0,0
2176,50,13,188,0,0,0
2177,50,13,189,0,0,0
2178,50,13,189,0,0,0
2179,50,13,189,0,0,0
2180,50,13,190,0,0,0
2181,50,13,190,0,0,0
2182,50,13,190,0,0,0
2183,50,13,190,0,0,0
2184,50,13,191,0,0,0
2185,50,13,191,0,0,0
2186,50,13,191,0,0,0
2187,50,13,191,0,0,0
2188,50,13,191,0,0,0
2189,50,13,192,0,0,0
2190,50,13,192,0,0,0
2191,50,13,192,0,0,0
2192,50,13,193,0,0,0
2193,50,13,193,0,0,0
2194,50,13,194,0,0,0
2195,50,13,193,0,0,0
2196,50,13,194,0,0,0
2197,50,13,194,0,0,0
2198,50,13,194,0,0,0
2199,50,12,195,0,0,0
2200,50,12,195,0,0,0
2201,50,12,195,0,0,0
2202,50,12,195,0,0,0
2203,50,12,195,0,0,0
2204,50,12,195,0,0,0
2205,50,12,195,0,0,0
2206,50,12,196,0,0,0
2207,50,12,196,0,0,0
2208,50,12,196,0,0,0
2209,50,12,196,0,0,0
2210,50,12,196,0,0,0
2211,50,12,196,0,0,0
2212,50,12,196,0,0,0
2213,50,12,196,0,0,0
2214,50,12,196,0,0,0
2215,50,12,196,0,0,0
2216,50,11,196,0,0,0
2217,50,12,196,0,0,0
2218,50,11,196,0,0,0
2219,50,11,196,0,0,0
2220,50,11,196,0,0,0
2221,50,11,196,0,0,0
2222,50,11,196,0,0,0
2223,50,11,197,0,0,0
2224,50,11,197,0,0,0
2225,50,11,197,0,0,0
2226,50,11,197,0,0,0
2227,50,11,197,0,0,0
2228,50,11,197,0,0,0
2229,50,11,197,0,0,0
2230,50,11,197,0,0,0
2231,50,11,197,0,0,0
2232,50,11,196,0,0,0
2233,50,11,196,0,0,0
2234,50,11,196,0,0,0
2235,48,11,196,0,0,0
2236,48,11,196,0,0,0
2237,47,11,196,0,0,0
2238,47,11,196,0,0,0
2239,47,11,196,0,0,0
2240,46,11,197,0,0,0
2241,46,11,197,0,0,0
2242,45,10,197,0,0,0
2243,45,10,197,0,0,0
2244,46,10,197,0,0,0
2245,45,10,197,0,0,0
2246,46,10,197,0,0,0
2247,46,10,197,0,0,0
2248,46,10,197,0,0,0
2249,45,10,197,0,0,0
2250,46,10,197,0,0,0
2251,46,10,197,0,0,0
2252,45,10,197,0,0,0
2253,45,10,197,0,0,0
2254,45,10,197,0,0,0
2255,45,10,197,0,0,0
2256,45,10,197,0,0,0
2257,45,10,197,0,0,0
2258,45,10,197,0,0,0
2259,44,10,197,0,0,0
2260,44,10,197,0,0,0
2261,44,10,197,0,0,0
2262,44,10,197,0,0,0
2263,44,10,197,0,0,0
2264,44,10,197,0,0,0
2265,44,10,197,0,0,0
2266,44,10,197,0,0,0
2267,44,10,197,0,0,0
2268,43,10,197,0,0,0
2269,43,10,197,0,0,0
2270,43,10,197,0,0,0
2271,44,10,197,0,0,0
2272,44,10,197,0,0,0
2273,44,10,196,0,0,0
2274,44,10,196,0,0,0
2275,44,10,196,0,0,0
2276,44,10,196,0,0,0
2277,44,10,196,0,0,0
2278,44,11,196,0,0,0
2279,44,11,196,0,0,0
2280,45,10,196,0,0,0
2281,45,10,196,0,0,0
2282,45,10,196,0,0,0
2283,45,10,196,0,0,0
2284,45,10,196,0,0,0
2285,46,10,196,0,0,0
2286,46,10,196,0,0,0
2287,46,10,196,0,0,0
2288,46,10,196,0,0,0
2289,46,10,196,0,0,0
2290,46,10,196,0,0,0
2291,46,10,196,0,0,0
2292,46,10,195,0,0,0
2293,46,10,195,0,0,0
2294,46,10,195,0,0,0
2295,46,10,195,0,0,0
2296,46,10,195,0,0,0
2297,46,10,195,0,0,0
2298,46,10,195,0,0,0
2299,46,10,195,0,0,0
2300,45,10,195,0,0,0
2301,45,10,195,0,0,0
2302,45,10,195,0,0,0
2303,45,10,195,0,0,0
2304,45,10,195,0,0,0
2305,45,10,195,0,0,0
2306,45,10,195,0,0,0
2307,45,10,195,0,0,0
2308,45,10,195,0,0,0
2309,45,10,195,0,0,0
2310,45,10,195,0,0,0
2311,45,10,195,0,0,0
2312,44,10,196,0,0,0
2313,44,10,196,0,0,0
2314,44,10,195,0,0,0
2315,44,10,195,0,0,0
2316,44,10,195,0,0,0
2317,44,10,195,0,0,0
2318,44,10,195,0,0,0
2319,45,10,195,0,0,0
2320,45,10,195,0,0,0
2321,45,10,195,0,0,0
2322,45,10,195,0,0,0
2323,45,10,195,0,0,0
2324,44,10,195,0,0,0
2325,44,10,195,0,0,0
2326,44,10,195,0,0,0
2327,44,10,195,0,0,0
2328,44,10,195,0,0,0
2329,44,10,195,0,0,0
2330,44,10,195,0,0,0
2331,44,10,195,0,0,0
2332,45,10,195,0,0,0
2333,44,10,195,0,0,0
2334,44,10,195,0,0,0
2335,44,10,195,0,0,0
2336,42,10,195,0,0,0
2337,42,10,195,0,0,0
2338,42,10,196,0,0,0
2339,42,10,196,0,0,0
2340,42,10,196,0,0,0
2341,42,10,196,0,0,0
2342,42,10,196,0,0,0
2343,42,10,196,0,0,0
2344,42,10,196,0,0,0
2345,42,10,197,0,0,0
2346,42,10,197,0,0,0
2347,42,10,197,0,0,0
2348,42,10,197,0,0,0
2349,42,10,197,0,0,0
2350,42,10,198,0,0,0
2351,42,10,198,0,0,0
2352,42,10,199,0,0,0
2353,42,10,199,0,0,0
2354,42,10,199,0,0,0
2355,42,10,199,0,0,0
2356,42,10,199,0,0,0
2357,42,10,200,0,0,0
2358,42,10,200,0,0,0
2359,42,10,200,0,0,0
2360,42,10,200,0,0,0
2361,42,10,200,0,0,0
2362,42,10,200,0,0,0
2363,42,10,200,0,0,0
2364,42,10,201,0,0,0
2365,42,10,201,0,0,0
2366,42,10,201,0,0,0
2367,42,10,201,0,0,0
2368,42,10,201,0,0,0
2369,42,10,201,0,0,0
2370,42,10,201,0,0,0
2371,42,10,201,0,0,0
2372,41,10,202,0,0,0
2373,41,10,202,0,0,0
2374,41,10,202,0,0,0
2375,41,10,202,0,0,0
2376,41,10,202,0,0,0
2377,41,10,202,0,0,0
2378,41,10,202,0,0,0
2379,41,10,203,0,0,0
2380,41,10,203,0,0,0
2381,41,10,203,0,0,0
2382,41,10,203,0,0,0
2383,41,10,203,0,0,0
2384,41,10,203,0,0,0
2385,41,10,203,0,0,0
2386,41,10,203,0,0,0
2387,41,10,203,0,0,0
2388,41,10,203,0,0,0
2389,41,10,203,0,0,0
2390,41,10,203,0,0,0
2391,41,10,204,0,0,0
2392,41,10,204,0,0,0
2393,41,10,204,0,0,0
2394,41,10,204,0,0,0
2395,41,10,204,0,0,0
2396,41,10,204,0,0,0
2397,41,10,204,0,0,0
2398,41,10,204,0,0,0
2399,41,10,204,0,0,0
2400,41,10,204,0,0,0
2401,41,10,204,0,0,0
2402,41,10,204,0,0,0
2403,41,11,204,0,0,0
2404,41,11,204,0,0,0
2405,42,11,204,0,0,0
2406,42,11,204,0,0,0
2407,42,11,204,0,0,0
2408,42,11,204,0,0,0
2409,42,11,204,0,0,0
2410,42,12,203,0,0,0
2411,42,12,203,0,0,0
2412,42,12,203,0,0,0
2413,42,12,203,0,0,0
2414,42,12,203,0,0,0
2415,42,12,203,0,0,0
2416,42,12,203,0,0,0
2417,42,12,203,0,0,0
2418,42,12,203,0,0,0
2419,42,12,203,0,0,0
2420,42,12,203,0,0,0
2421,42,12,203,0,0,0
2422,42,12,202,0,0,0
2423,42,12,202,0,0,0
2424,42,12,202,0,0,0
2425,42,12,202,0,0,0
2426,42,12,202,0,0,0
2427,50,13,200,0,0,0
2428,50,13,200,0,0,0
2429,50,13,200,0,0,0
2430,50,13,200,0,0,0
2431,50,13,200,0,0,0
2432,50,13,199,0,0,0
2433,50,13,200,0,0,0
2434,50,13,199,0,0,0
2435,50,13,199,0,0,0
2436,50,12,199,0,0,0
2437,50,12,199,0,0,0
2438,50,12,199,0,0,0
2439,50,12,198,0,0,0
2440,50,12,198,0,0,0
2441,50,12,198,0,0,0
2442,50,12,198,0,0,0
2443,50,12,198,0,0,0
2444,50,12,198,0,0,0
2445,50,12,198,0,0,0
2446,50,12,198,0,0,0
2447,50,12,198,0,0,0
2448,50,12,198,0,0,0
2449,50,12,198,0,0,0
2450,50,12,198,0,0,0
2451,50,12,197,0,0,3
2452,50,12,197,0,0,3
2453,50,12,198,0,0,0
2454,50,12,198,0,0,0
2455,50,12,198,0,0,0
2456,50,12,198,0,0,0
2457,50,12,198,0,0,0
2458,50,12,199,0,0,0
2459,50,12,199,0,0,0
2460,50,13,198,0,0,0
2461,50,13,198,0,0,0
2462,50,13,198,0,0,0
2463,50,12,199,0,0,0
2464,50,12,199,0,0,0
2465,50,12,198,0,0,0
2466,50,12,198,0,0,0
2467,50,12,199,0,0,0
2468,50,12,199,0,0,0
2469,50,12,199,0,0,0
2470,50,12,198,0,0,0
2471,50,12,198,0,0,0
2472,50,12,198,0,0,0
2473,50,12,198,0,0,0
2474,50,12,198,0,0,0
2475,50,12,198,0,0,0
2476,50,12,198,0,0,0
2477,50,12,200,0,0,0
2478,50,12,200,0,0,0
2479,53,11,200,0,0,0
2480,50,11,200,0,0,0
2481,52,11,200,0,0,0
2482,50,11,201,0,0,0
2483,50,11,201,0,0,0
2484,50,11,201,0,0,0
2485,50,11,201,0,0,0
2486,50,11,201,0,0,0
2487,50,11,200,0,0,0
2488,50,11,200,0,0,0
2489,50,11,199,0,0,0
2490,50,11,199,0,0,0
2491,50,11,199,0,0,0
2492,50,11,199,0,0,0
2493,50,11,199,0,0,0
2494,50,11,199,0,0,0
2495,50,11,199,0,0,0
2496,50,11,198,0,0,0
2497,50,11,198,0,0,0
2498,50,11,198,0,0,0
2499,50,11,197,0,0,0
2500,50,11,197,0,0,0
2501,50,12,197,0,0,0
2502,50,12,197,0,0,0
2503,50,12,197,0,0,0
2504,50,12,197,0,0,0
2505,50,12,197,0,0,0
2506,50,12,198,0,0,0
2507,50,12,198,0,0,0
2508,50,12,198,0,0,0
2509,50,12,198,0,0,0
2510,50,12,198,0,0,0
2511,50,13,197,0,0,0
2512,50,13,197,0,0,0
2513,50,12,196,0,0,0
2514,50,12,197,0,0,0
2515,50,12,197,0,0,0
2516,50,12,197,0,0,0
2517,50,12,197,0,0,0
2518,50,12,197,0,0,0
2519,50,12,197,0,0,0
2520,50,12,197,0,0,0
2521,50,12,197,0,0,0
2522,50,12,197,0,0,0
2523,50,12,197,0,0,0
2524,50,12,197,0,0,0
2525,50,12,198,0,0,0
2526,50,12,198,0,0,0
2527,50,12,197,0,0,0
2528,50,12,197,0,0,0
2529,50,12,197,0,0,0
2530,50,12,197,0,0,0
2531,50,12,197,0,0,0
2532,50,12,197,0,0,0
2533,50,12,197,0,0,0
2534,50,12,197,0,0,0
2535,50,12,197,0,0,0
2536,50,12,197,0,0,0
2537,50,12,197,0,0,0
2538,50,12,197,0,0,0
2539,50,12,197,0,0,0
2540,50,12,197,0,0,0
2541,50,12,197,0,0,0
2542,50,12,195,0,0,0
2543,49,12,195,0,0,0
2544,47,12,195,0,0,6
2545,47,12,195,0,0,6
2546,46,12,195,0,0,6
2547,46,12,195,0,0,6
2548,46,13,195,0,0,6
2549,50,13,194,0,0,0
2550,50,13,194,0,0,0
2551,50,13,194,0,0,0
2552,50,13,194,0,0,0
2553,50,13,195,0,0,0
2554,50,13,195,0,0,0
2555,50,13,195,0,0,0
2556,50,12,195,0,0,0
2557,50,12,195,0,0,0
2558,50,12,195,0,0,0
2559,50,12,195,0,0,3
2560,50,12,195,0,0,3
2561,50,12,195,0,0,0
2562,50,12,195,0,0,0
2563,50,12,195,0,0,3
2564,50,12,195,0,0,3
2565,50,12,195,0,0,0
2566,50,12,196,0,0,0
2567,50,12,196,0,0,0
2568,50,11,197,0,0,0
2569,50,11,197,0,0,0
2570,50,11,197,0,0,0
2571,50,11,197,0,0,0
2572,50,11,197,0,0,0
2573,55,11,200,0,0,0
2574,55,11,200,0,0,0
2575,55,10,201,0,0,0
2576,55,10,201,0,0,0
2577,55,10,201,0,0,0
2578,55,10,202,0,0,0
2579,55,10,202,0,0,0
2580,55,10,202,0,0,0
2581,55,10,202,0,0,0
2582,55,10,202,0,0,0
2583,55,10,203,0,0,0
2584,55,10,202,0,0,0
2585,55,9,203,0,0,0
2586,55,9,203,0,0,0
2587,55,9,203,0,0,0
2588,55,9,203,0,0,0
2589,55,9,203,0,0,0
2590,55,10,203,0,0,0
2591,55,10,203,0,0,0
2592,55,10,202,0,0,0
2593,55,10,203,0,0,0
2594,55,10,202,0,0,0
2595,60,10,202,0,0,0
2596,60,10,202,0,0,0
2597,55,10,202,0,0,0
2598,55,10,202,0,0,0
2599,50,10,202,0,0,0
2600,50,10,202,0,0,0
2601,50,10,202,0,0,0
2602,39,20,195,0,1,0
2603,39,20,195,0,0,0
2604,39,19,196,0,0,0
2605,39,19,196,0,0,0
2606,39,19,196,0,0,0
2607,39,18,197,0,0,0
2608,39,18,197,0,0,0
2609,39,18,197,0,0,0
2610,39,18,197,0,0,0
2611,39,18,197,0,0,0
2612,39,18,197,0,0,0
2613,39,18,197,0,0,0
2614,42,18,196,0,0,0
2615,42,18,196,0,0,0
2616,42,18,197,0,0,0
2617,42,18,197,0,0,0
2618,42,18,197,0,0,0
2619,44,17,198,0,0,0
2620,44,17,198,0,0,0
2621,44,17,199,0,0,0
2622,44,17,199,0,0,0
2623,44,17,199,0,0,0
2624,44,17,199,0,0,0
2625,44,17,199,0,0,0
2626,50,16,199,0,0,0
2627,50,16,199,0,0,0
2628,47,17,199,0,0,0
2629,47,17,199,0,0,0
2630,47,17,199,0,0,0
2631,46,17,198,0,0,0
2632,46,17,198,0,0,0
2633,55,16,198,0,0,0
2634,55,16,198,0,0,0
2635,55,16,197,0,0,0
2636,55,16,197,0,0,0
2637,55,16,197,0,0,0
2638,55,16,197,0,0,0
2639,55,16,197,0,0,0
2640,60,16,196,0,0,0
2641,60,16,196,0,0,0
2642,60,16,196,0,0,0
2643,64,15,196,0,0,0
2644,64,15,196,0,0,0
2645,60,15,195,0,0,0
2646,60,15,195,0,0,0
2647,60,16,194,0,0,0
2648,60,16,194,0,0,0
2649,60,16,194,0,0,0
2650,65,16,193,0,0,0
2651,65,16,193,0,0,0
2652,66,16,191,0,0,0
2653,66,16,191,0,0,0
2654,66,16,191,0,0,0
2655,60,16,190,0,0,0
2656,60,16,190,0,0,0
2657,68,16,188,0,0,0
2658,68,16,189,0,0,0
2659,68,16,187,0,0,0
2660,68,16,187,0,0,0
2661,68,16,187,0,0,0
2662,71,16,185,0,0,0
2663,70,16,185,0,0,0
2664,72,17,180,0,0,0
2665,72,17,180,0,0,0
2666,72,17,180,0,0,0
2667,87,21,173,0,0,0
2668,87,21,174,0,0,0
2669,88,21,170,0,0,0
2670,88,21,170,0,0,0
2671,86,21,170,0,0,0
2672,86,21,170,0,0,0
2673,86,21,170,0,0,0
2674,85,19,171,0,0,0
2675,85,19,171,0,0,0
2676,83,20,169,0,0,0
2677,82,20,169,0,0,0
2678,83,20,169,0,0,0
2679,81,21,168,0,0,0
2680,81,20,168,0,0,0
2681,81,22,165,0,0,0
2682,81,22,165,0,0,0
2683,77,23,164,0,0,0
2684,77,23,164,0,0,0
2685,76,23,164,0,0,0
2686,72,24,165,0,0,0
2687,72,24,165,0,0,0
2688,73,24,167,0,0,0
2689,74,24,167,0,0,0
2690,73,24,167,0,0,0
2691,80,22,170,0,0,0
2692,80,22,170,0,0,0
2693,75,22,172,0,0,0
2694,75,22,172,0,0,0
2695,72,24,171,0,0,0
2696,72,23,171,0,0,0
2697,72,23,171,0,0,0
2698,73,24,166,0,0,0
2699,73,24,167,0,0,0
2700,80,26,167,0,0,0
2701,80,26,167,0,0,0
2702,80,26,167,0,0,0
2703,84,26,169,0,0,0
2704,84,26,169,0,0,0
2705,88,26,172,0,0,0
2706,88,26,172,0,0,0
2707,88,26,172,0,0,0
2708,88,26,172,0,0,0
2709,88,26,172,0,0,0
2710,88,26,170,0,0,0
2711,88,26,170,0,0,0
2712,86,28,166,0,0,3
2713,86,28,166,0,0,3
2714,85,28,166,0,0,3
2715,88,29,163,0,0,0
2716,88,29,163,0,0,0
2717,90,32,160,0,0,6
2718,90,33,160,0,0,5
2719,92,32,161,0,0,0
2720,92,32,161,0,0,0
2721,92,32,161,0,0,0
2722,92,31,162,0,0,0
2723,92,31,162,0,0,0
2724,90,31,160,0,0,0
2725,90,31,160,0,0,0
2726,90,31,160,0,0,0
2727,93,30,159,0,0,0
2728,93,30,159,0,0,0
2729,95,33,154,0,0,0
2730,95,33,154,0,0,0
2731,95,34,153,0,0,0
2732,95,34,153,0,0,0
2733,95,34,153,0,0,0
2734,94,36,152,0,0,0
2735,94,36,152,0,0,0
2736,90,41,148,0,0,0
2737,90,41,148,0,0,0
2738,90,41,148,0,0,0
2739,93,40,147,0,0,0
2740,93,40,147,0,0,0
2741,94,40,145,0,1,5
2742,94,40,145,0,0,5
2743,93,41,141,0,0,6
2744,93,41,141,0,0,6
2745,93,41,141,0,0,6
2746,95,40,140,0,0,0
2747,95,40,140,0,0,0
2748,90,38,137,0,0,0
2749,90,38,137,0,0,0
2750,90,38,137,0,0,0
2751,90,37,137,0,0,0
2752,90,37,137,0,0,0
2753,84,35,135,0,0,0
2754,84,35,135,0,0,0
2755,84,36,135,0,0,0
2756,84,36,135,0,0,0
2757,84,36,135,0,0,0
2758,84,37,136,0,0,0
2759,84,37,136,0,0,0
2760,93,39,139,0,0,0
2761,93,39,139,0,0,0
2762,93,39,139,0,0,0
2763,90,40,140,0,0,2
2764,90,40,140,0,0,2
2765,72,45,139,0,0,0
2766,77,45,139,0,0,0
2767,71,49,138,0,0,0
2768,70,49,138,0,0,0
2769,71,49,138,0,0,0
2770,69,51,136,0,0,0
2771,69,51,137,0,0,0
2772,66,50,135,0,0,8
2773,66,50,135,0,0,8
2774,66,50,135,0,0,8
2775,60,51,130,0,0,0
2776,60,51,130,0,0,0
2777,81,19,128,0,0,0
2778,81,19,128,0,0,0
2779,81,19,126,0,0,10
2780,81,19,126,0,0,10
2781,81,19,126,0,0,10
2782,81,19,126,0,0,0
2783,81,19,126,0,0,0
2784,81,19,126,0,0,9
2785,81,19,126,0,0,9
2786,81,19,126,0,0,9
2787,81,19,128,0,0,9
2788,81,19,128,0,0,9
2789,81,19,128,0,0,11
2790,81,19,128,0,0,11
2791,81,19,129,0,0,9
2792,81,18,129,0,1,9
2793,81,19,129,0,0,9
2794,81,18,129,0,0,9
2795,81,18,129,0,0,9
2796,81,19,129,0,0,9
2797,81,19,129,0,0,9
2798,81,19,129,0,0,9
2799,81,18,129,0,0,9
2800,84,18,129,0,0,9
2801,84,18,129,0,0,9
2802,84,18,129,0,0,9
2803,84,18,130,0,0,9
2804,84,18,130,0,0,9
2805,84,18,130,0,0,9
2806,84,18,130,0,0,9
2807,84,18,130,0,0,9
2808,84,18,133,0,0,9
2809,84,18,133,0,0,9
2810,84,18,133,0,0,9
2811,84,18,133,0,0,10
2812,84,18,133,0,0,10
2813,84,18,136,0,0,10
2814,84,18,136,0,0,10
2815,84,17,140,0,0,10
2816,84,17,140,0,0,10
2817,84,17,140,0,0,10
2818,84,17,144,0,0,10
2819,84,17,144,0,0,10
2820,84,17,148,0,0,10
2821,84,17,148,0,0,10
2822,84,16,148,0,0,10
2823,84,16,151,0,0,10
2824,84,16,151,0,0,10
2825,84,16,153,0,0,11
2826,84,16,153,0,0,11
2827,84,15,160,0,0,11
2828,84,15,160,0,0,11
2829,84,15,160,0,0,11
2830,84,14,163,0,0,11
2831,84,14,163,0,0,11
2832,84,14,167,0,0,11
2833,84,14,167,0,0,11
2834,84,14,167,0,0,11
2835,87,13,169,0,0,11
2836,87,13,169,0,0,11
2837,84,13,171,0,0,11
2838,86,13,172,0,0,11
2839,90,13,172,0,0,11
2840,90,13,172,0,0,11
2841,90,13,172,0,0,11
2842,90,13,174,0,0,11
2843,90,13,174,0,0,11
2844,90,13,176,0,0,12
2845,90,13,176,0,0,12
2846,90,13,176,0,0,12
2847,90,12,179,0,0,12
2848,90,12,179,0,0,12
2849,87,12,180,0,0,12
2850,87,12,180,0,0,12
2851,84,12,181,0,0,12
2852,84,12,181,0,0,0
2853,84,12,181,0,0,0
2854,87,12,183,0,0,0
2855,87,12,183,0,0,0
2856,84,12,185,0,0,11
2857,84,12,185,0,0,11
2858,84,12,185,0,0,11
2859,84,11,185,0,0,12
2860,84,11,185,0,0,12
2861,84,11,185,0,0,12
2862,84,11,185,0,0,12
2863,81,12,186,0,0,12
2864,81,12,186,0,0,12
2865,81,12,186,0,0,12
2866,84,11,186,0,0,12
2867,84,11,186,0,0,12
2868,84,11,187,0,0,12
2869,84,11,187,0,0,12
2870,84,11,187,0,0,12
2871,84,11,187,0,0,12
2872,84,11,187,0,0,12
2873,81,11,187,0,0,12
2874,81,11,187,0,0,12
2875,81,11,188,0,0,12
2876,83,11,188,0,0,12
2877,81,11,188,0,0,12
2878,81,11,188,0,0,11
2879,81,12,188,0,0,11
2880,81,11,189,0,0,11
2881,81,11,189,0,0,11
2882,81,11,189,0,0,11
2883,81,11,189,0,0,11
2884,81,11,189,0,0,11
2885,81,11,189,0,0,11
2886,81,11,189,0,0,11
2887,81,12,190,0,0,11
2888,81,12,190,0,0,11
2889,81,12,190,0,0,11
2890,81,12,190,0,0,11
2891,81,12,190,0,0,11
2892,81,12,190,0,0,14
2893,81,12,190,0,0,14
2894,81,12,190,0,0,14
2895,81,12,190,0,0,14
2896,81,12,190,0,0,14
2897,81,12,191,0,0,14
2898,81,12,191,0,0,13
2899,81,12,191,0,0,14
2900,81,12,191,0,0,13
2901,81,12,191,0,0,13
2902,80,13,191,0,0,14
2903,80,13,191,0,0,14
2904,73,13,192,0,0,14
2905,73,13,192,0,0,14
2906,73,13,192,0,0,14
2907,72,14,192,0,0,14
2908,72,14,192,0,0,14
2909,69,14,193,0,0,9
2910,69,14,193,0,0,9
2911,69,14,194,0,0,11
2912,69,14,194,0,0,11
2913,69,14,194,0,0,10
2914,68,14,195,0,0,9
2915,68,14,195,0,0,9
2916,66,14,195,0,0,6
2917,66,14,195,0,0,6
2918,66,14,195,0,0,6
2919,68,14,196,0,0,7
2920,68,14,196,0,0,7
2921,66,14,197,0,0,9
2922,66,14,197,0,0,9
2923,66,14,198,0,0,9
2924,66,14,198,0,0,9
2925,66,14,198,0,0,9
2926,64,14,198,0,0,7
2927,64,14,198,0,0,7
2928,64,14,199,0,0,8
2929,66,14,199,0,0,8
2930,66,14,199,0,0,8
2931,66,14,200,0,0,9
2932,63,14,200,0,0,9
2933,66,14,200,0,0,0
2934,66,14,200,0,0,0
2935,62,14,200,0,0,9
2936,62,14,200,0,0,9
2937,62,14,200,0,0,9
2938,62,14,200,0,0,10
2939,62,14,200,0,0,10
2940,62,14,200,0,0,11
2941,62,14,200,0,0,11
2942,62,14,200,0,0,11
2943,62,14,199,0,0,0
2944,62,14,199,0,0,0
2945,62,14,199,0,0,11
2946,62,14,199,0,0,11
2947,66,14,199,0,0,0
2948,65,14,199,0,0,0
2949,65,14,199,0,0,0
2950,62,14,199,0,0,0
2951,62,14,199,0,0,0
2952,62,14,199,0,0,12
2953,62,14,199,0,0,12
2954,62,14,199,0,0,12
2955,64,14,199,0,0,0
2956,64,14,199,0,0,0
2957,62,14,199,0,0,0
2958,62,14,199,0,0,0
2959,60,14,199,0,0,0
2960,60,14,199,0,0,0
2961,60,14,199,0,0,0
2962,60,14,199,0,0,0
2963,60,14,199,0,0,0
2964,60,14,199,0,0,0
2965,60,14,199,0,0,0
2966,60,14,199,0,0,0
2967,60,14,199,0,0,0
2968,60,14,199,0,0,0
2969,60,14,199,0,0,0
2970,60,14,199,0,0,0
2971,60,14,199,0,0,0
2972,60,14,199,0,0,0
2973,60,14,199,0,0,0
2974,60,14,199,0,0,11
2975,60,14,199,0,0,11
2976,60,14,200,0,0,12
2977,60,14,200,0,0,12
2978,60,14,200,0,0,12
2979,60,14,199,0,0,0
2980,60,14,199,0,0,0
2981,62,14,200,0,0,0
2982,62,14,200,0,0,0
2983,60,14,200,0,0,0
2984,60,14,200,0,0,0
2985,60,14,200,0,0,0
2986,62,14,200,0,0,0
2987,62,14,200,0,0,0
2988,62,14,200,0,0,0
2989,60,14,200,0,0,0
2990,62,14,200,0,0,0
2991,62,14,200,0,0,0
2992,62,14,200,0,0,0
2993,60,14,200,0,0,0
2994,60,14,200,0,0,0
2995,60,14,200,0,0,0
2996,60,14,200,0,0,0
2997,60,14,200,0,0,0
2998,60,14,200,0,0,0
2999,60,14,200,0,0,0
3000,60,14,200,0,0,0
3001,60,14,200,0,0,0
3002,60,14,200,0,0,0
3003,62,14,200,0,0,0
3004,62,14,200,0,0,0
3005,60,14,200,0,0,0
3006,62,14,200,0,0,0
3007,62,14,200,0,0,0
3008,62,14,200,0,0,0
3009,62,14,200,0,0,0
3010,62,14,200,0,0,0
3011,62,14,200,0,0,0
3012,62,14,200,0,0,0
3013,62,14,200,0,0,0
3014,62,14,200,0,0,0
3015,62,14,200,0,0,0
3016,62,14,200,0,0,0
3017,60,14,200,0,0,0
3018,60,14,200,0,0,0
3019,62,14,200,0,0,0
3020,62,14,200,0,0,0
3021,62,14,200,0,0,0
3022,62,14,200,0,0,0
3023,62,14,200,0,0,0
3024,60,15,200,0,0,0
3025,60,15,200,0,0,0
3026,60,15,200,0,0,0
3027,60,14,200,0,0,0
3028,60,14,200,0,0,0
3029,60,14,200,0,0,0
3030,60,14,200,0,0,0
3031,60,14,200,0,0,0
3032,60,14,200,0,0,0
3033,60,14,200,0,0,0
3034,60,14,200,0,0,0
3035,60,14,200,0,0,0
3036,60,14,200,0,0,0
3037,60,14,200,0,0,0
3038,60,14,200,0,0,0
3039,60,14,200,0,0,0
3040,60,14,200,0,0,0
3041,60,14,200,0,0,0
3042,60,14,200,0,0,0
3043,60,14,200,0,0,0
3044,60,14,200,0,0,0
3045,60,14,200,0,0,0
3046,60,14,200,0,0,0
3047,60,14,200,0,0,0
3048,60,15,199,0,0,0
3049,60,15,199,0,0,0
3050,60,15,199,0,0,0
3051,60,14,200,0,0,0
3052,60,14,200,0,0,0
3053,60,14,200,0,0,0
3054,60,14,200,0,0,0
3055,60,14,200,0,0,0
3056,60,14,200,0,0,0
3057,60,14,200,0,0,0
3058,60,14,200,0,0,0
3059,60,14,200,0,0,0
3060,60,14,200,0,0,1
3061,60,14,200,0,0,1
3062,60,14,200,0,0,1
3063,60,14,199,0,0,0
3064,60,14,199,0,0,0
3065,60,14,200,0,0,5
3066,60,14,200,0,0,5
3067,60,14,200,0,0,2
3068,60,14,200,0,0,2
3069,60,14,200,0,0,2
3070,60,14,200,0,0,2
3071,60,14,200,0,0,2
3072,60,14,200,0,0,1
3073,60,14,200,0,0,1
3074,60,14,200,0,0,1
3075,60,14,199,0,0,1
3076,60,14,199,0,0,1
3077,60,14,199,0,0,1
3078,60,14,199,0,0,1
3079,60,14,199,0,0,1
3080,60,14,200,0,0,1
3081,60,14,199,0,0,1
3082,60,14,200,0,0,2
3083,60,14,200,0,0,2
3084,60,14,200,0,0,2
3085,60,14,200,0,0,2
3086,60,14,200,0,0,2
3087,60,14,200,0,0,1
3088,60,14,200,0,0,1
3089,60,14,199,0,0,1
3090,60,14,199,0,0,1
3091,60,14,199,0,0,1
3092,60,14,199,0,0,1
3093,60,14,199,0,0,1
3094,60,14,200,0,0,1
3095,60,14,200,0,0,1
3096,60,14,200,0,0,1
3097,60,14,200,0,0,1
3098,60,14,200,0,0,1
3099,60,13,200,0,0,1
3100,60,13,200,0,0,1
3101,60,14,200,0,0,1
3102,60,14,200,0,0,1
3103,60,14,199,0,0,1
3104,60,14,199,0,0,1
3105,60,14,199,0,0,1
3106,60,14,199,0,0,1
3107,60,14,199,0,0,1
3108,60,13,199,0,0,0
3109,60,14,199,0,0,0
3110,60,13,199,0,0,0
3111,60,13,200,0,0,2
3112,60,13,200,0,0,2
3113,60,13,200,0,0,3
3114,60,13,200,0,0,3
3115,60,13,200,0,0,3
3116,60,13,200,0,0,3
3117,60,13,200,0,0,3
3118,60,13,201,0,0,4
3119,60,13,201,0,0,4
3120,60,13,200,0,0,4
3121,60,13,200,0,0,4
3122,60,13,200,0,0,4
3123,60,13,200,0,0,4
3124,60,13,200,0,0,4
3125,60,13,200,0,0,4
3126,60,13,200,0,0,4
3127,60,13,200,0,0,4
3128,60,13,200,0,0,4
3129,60,13,200,0,0,4
3130,60,13,200,0,0,4
3131,60,13,200,0,0,4
3132,60,13,201,0,0,4
3133,60,13,201,0,0,4
3134,60,13,201,0,0,4
3135,60,13,200,0,0,5
3136,60,13,200,0,0,5
3137,60,13,200,0,0,4
3138,60,13,200,0,0,4
3139,60,13,200,0,0,2
3140,60,13,200,0,0,2
3141,60,13,200,0,0,0
3142,60,13,200,0,0,3
3143,60,13,200,0,0,3
3144,60,13,199,0,0,2
3145,60,13,199,0,0,2
3146,60,13,199,0,0,2
3147,66,14,199,0,0,0
3148,66,13,199,0,0,0
3149,64,14,199,0,0,1
3150,65,14,199,0,0,1
3151,63,14,199,0,0,0
3152,63,14,199,0,0,0
3153,63,14,199,0,0,0
3154,63,14,199,0,0,0
3155,63,14,199,0,0,0
3156,60,14,198,0,0,0
3157,60,14,198,0,0,0
3158,62,14,198,0,0,0
3159,64,14,198,0,0,0
3160,65,14,198,0,0,0
3161,66,13,198,0,0,0
3162,65,14,198,0,0,0
3163,65,13,198,0,0,0
3164,65,13,198,0,0,0
3165,65,13,198,0,0,0
3166,63,13,198,0,0,0
3167,63,13,198,0,0,0
3168,64,13,198,0,0,0
3169,64,13,198,0,0,0
3170,63,13,198,0,0,0
3171,64,13,199,0,0,0
3172,64,13,199,0,0,0
3173,62,12,199,0,0,0
3174,62,12,199,0,0,0
3175,62,12,199,0,0,0
3176,62,12,199,0,0,0
3177,62,12,199,0,0,0
3178,66,12,199,0,0,0
3179,66,12,199,0,0,0
3180,66,13,199,0,0,0
3181,66,13,199,0,0,0
3182,66,13,199,0,0,0
3183,66,12,200,0,0,0
3184,66,12,200,0,0,0
3185,68,12,200,0,0,0
3186,68,12,200,0,0,0
3187,68,12,201,0,0,0
3188,68,12,201,0,0,0
3189,68,12,201,0,0,0
3190,69,12,201,0,0,0
3191,69,12,201,0,0,0
3192,69,12,202,0,0,0
3193,69,12,202,0,0,0
3194,69,12,202,0,0,0
3195,69,12,202,0,0,0
3196,69,12,202,0,0,0
3197,69,12,202,0,0,0
3198,69,12,202,0,0,0
3199,69,12,202,0,0,0
3200,69,12,202,0,0,0
3201,69,12,202,0,0,0
3202,69,12,203,0,0,0
3203,69,12,203,0,0,0
3204,69,11,203,0,0,0
3205,69,12,203,0,0,0
3206,69,11,203,0,0,0
3207,70,11,203,0,0,0
3208,72,11,203,0,0,0
3209,69,11,203,0,0,0
3210,71,11,203,0,0,0
3211,72,11,203,0,0,0
3212,72,11,203,0,0,0
3213,71,11,203,0,0,0
3214,72,10,204,0,0,0
3215,72,10,204,0,0,0
3216,72,10,204,0,0,0
3217,72,10,204,0,0,0
3218,72,10,204,0,0,0
3219,73,10,204,0,0,0
3220,73,10,204,0,0,0
3221,72,10,204,0,0,0
3222,72,10,204,0,0,0
3223,72,10,204,0,0,0
3224,72,10,204,0,0,0
3225,72,10,204,0,0,0
3226,73,9,205,0,0,0
3227,73,9,205,0,0,0
3228,72,9,205,0,0,0
3229,72,9,204,0,0,0
3230,72,9,205,0,0,0
3231,73,9,205,0,0,0
3232,73,9,205,0,0,0
3233,73,9,205,0,0,0
3234,73,9,205,0,0,0
3235,73,9,205,0,0,0
3236,73,9,205,0,0,0
3237,73,9,205,0,0,0
3238,73,9,205,0,0,0
3239,73,9,205,0,0,0
3240,77,9,205,0,0,0
3241,75,9,205,0,0,0
3242,77,9,205,0,0,0
3243,80,9,205,0,0,0
3244,81,9,205,0,0,0
3245,78,9,205,0,0,0
3246,80,9,205,0,0,0
3247,81,9,205,0,0,0
3248,77,9,205,0,0,0
3249,75,9,205,0,0,0
3250,79,9,205,0,0,0
3251,78,9,205,0,0,0
3252,77,9,205,0,0,0
3253,75,9,205,0,0,0
3254,78,9,205,0,0,0
3255,80,9,205,0,0,0
3256,80,9,205,0,0,0
3257,75,9,205,0,0,0
3258,77,9,205,0,0,0
3259,80,9,205,0,0,0
3260,80,9,205,0,0,0
3261,80,9,205,0,0,0
3262,80,9,205,0,0,0
3263,80,9,205,0,0,0
3264,80,9,206,0,0,0
3265,80,9,206,0,0,0
3266,80,9,206,0,0,0
3267,81,9,206,0,0,0
3268,81,9,206,0,0,0
3269,81,9,206,0,0,0
3270,81,9,206,0,0,0
3271,80,9,206,0,0,0
3272,81,9,206,0,0,0
3273,80,9,206,0,0,0
3274,80,9,206,0,0,0
3275,80,9,206,0,0,0
3276,80,9,206,0,0,0
3277,80,9,206,0,0,0
3278,81,9,206,0,0,0
3279,81,9,206,0,0,0
3280,81,9,206,0,0,0
3281,81,9,206,0,0,0
3282,81,9,206,0,0,0
3283,81,9,207,0,0,0
3284,81,9,207,0,0,0
3285,81,9,207,0,0,0
3286,81,9,206,0,0,0
3287,81,9,206,0,0,0
3288,81,9,206,0,0,0
3289,81,9,206,0,0,0
3290,81,9,206,0,0,0
3291,81,9,206,0,0,0
3292,81,9,206,0,0,0
3293,81,9,206,0,0,0
3294,81,9,206,0,0,0
3295,81,9,206,0,0,0
3296,81,9,206,0,0,0
3297,81,9,206,0,0,0
3298,81,9,206,0,0,0
3299,81,9,206,0,0,0
3300,81,9,205,0,0,0
3301,81,9,205,0,0,0
3302,81,9,205,0,0,0
3303,81,9,205,0,0,0
3304,81,9,205,0,0,0
3305,81,9,205,0,0,0
3306,81,9,205,0,0,0
3307,81,9,205,0,0,0
3308,81,9,205,0,0,0
3309,81,9,205,0,0,0
3310,81,9,205,0,0,0
3311,81,9,205,0,0,0
3312,81,9,205,0,0,0
3313,81,9,205,0,0,0
3314,81,9,205,0,0,0
3315,81,9,205,0,0,0
3316,81,9,205,0,0,0
3317,81,9,205,0,0,0
3318,81,9,205,0,0,0
3319,81,9,204,0,0,0
3320,81,9,204,0,0,0
3321,81,9,204,0,0,0
3322,81,9,204,0,0,0
3323,81,9,204,0,0,0
3324,81,9,204,0,0,0
3325,81,9,204,0,0,0
3326,81,9,204,0,0,0
3327,81,9,204,0,0,0
3328,81,9,204,0,0,0
3329,81,9,203,0,0,0
3330,81,9,203,0,0,0
3331,81,9,203,0,0,0
3332,81,9,203,0,0,0
3333,81,9,203,0,0,0
3334,81,9,203,0,0,0
3335,81,9,203,0,0,0
3336,81,9,203,0,0,0
3337,81,9,203,0,0,0
3338,81,9,203,0,0,0
3339,81,9,203,0,0,0
3340,81,9,203,0,0,0
3341,73,9,202,0,0,0
3342,73,9,202,0,0,0
3343,72,9,202,0,0,0
3344,72,9,202,0,0,0
3345,72,9,202,0,0,0
3346,78,9,201,0,0,0
3347,77,9,201,0,0,0
3348,73,9,200,0,0,0
3349,73,9,200,0,0,0
3350,75,9,201,0,0,0
3351,77,9,200,0,0,0
3352,77,9,200,0,0,0
3353,75,9,199,0,0,0
3354,77,9,199,0,0,0
3355,77,9,199,0,0,0
3356,75,9,199,0,0,0
3357,73,9,198,0,0,0
3358,73,9,198,0,0,0
3359,73,9,198,0,0,0
3360,81,9,198,0,0,0
3361,81,9,198,0,0,0
3362,81,9,198,0,0,0
3363,81,9,198,0,0,9
3364,81,9,198,0,0,9
3365,81,9,198,0,0,7
3366,81,9,198,0,0,7
3367,81,9,197,0,0,6
3368,81,9,197,0,0,6
3369,81,9,197,0,0,6
3370,81,9,197,0,0,0
3371,81,9,197,0,0,0
3372,81,9,196,0,0,0
3373,81,9,196,0,0,0
3374,81,9,196,0,0,0
3375,81,9,197,0,0,0
3376,81,9,197,0,0,0
3377,81,9,196,0,0,0
3378,81,9,196,0,0,0
3379,81,9,196,0,0,0
3380,81,9,196,0,0,0
3381,81,9,196,0,0,0
3382,81,10,196,0,0,0
3383,81,10,196,0,0,0
3384,81,10,196,0,0,0
3385,81,10,195,0,0,0
3386,81,10,196,0,0,0
3387,81,10,196,0,0,0
3388,81,10,196,0,0,0
3389,80,12,196,0,0,15
3390,81,12,196,0,0,15
3391,80,12,196,0,0,15
3392,80,12,196,0,0,15
3393,80,12,196,0,0,15
3394,81,12,196,0,0,14
3395,81,12,196,0,0,14
3396,81,12,195,0,0,14
3397,81,12,195,0,0,14
3398,81,12,195,0,0,14
3399,81,12,195,0,0,14
3400,81,12,196,0,0,14
3401,81,13,195,0,0,14
3402,81,13,195,0,0,14
3403,81,13,195,0,0,14
3404,81,13,195,0,0,14
3405,81,13,195,0,0,14
3406,81,13,195,0,0,14
3407,81,13,195,0,0,14
3408,81,13,194,0,0,14
3409,81,13,194,0,0,14
3410,81,13,194,0,0,14
3411,81,13,194,0,0,14
3412,81,13,194,0,0,14
3413,81,13,194,0,0,14
3414,81,13,194,0,0,14
3415,81,13,193,0,0,14
3416,81,13,193,0,0,14
3417,81,13,193,0,0,14
3418,81,13,193,0,0,14
3419,81,13,193,0,0,14
3420,81,13,193,0,0,14
3421,81,13,193,0,0,14
3422,81,13,193,0,0,14
3423,81,13,193,0,0,14
3424,81,13,193,0,0,14
3425,81,13,192,0,0,14
3426,81,13,192,0,0,14
3427,81,13,192,0,0,14
3428,81,13,192,0,0,14
3429,81,13,192,0,0,14
3430,81,13,192,0,0,14
3431,81,13,192,0,0,14
3432,81,13,192,0,0,12
3433,81,14,192,0,0,13
3434,81,13,192,0,0,12
3435,81,13,192,0,0,12
3436,83,13,192,0,0,12
3437,81,13,191,0,0,11
3438,82,13,192,0,0,11
3439,84,13,191,0,0,0
3440,81,14,191,0,0,0
3441,81,14,191,0,0,0
3442,81,14,191,0,0,13
3443,81,14,191,0,0,13
3444,81,14,191,0,0,12
3445,81,14,191,0,0,12
3446,81,14,191,0,0,12
3447,83,13,191,0,0,12
3448,83,13,191,0,0,12
3449,81,13,191,0,0,11
3450,81,13,191,0,0,11
3451,81,14,191,0,0,11
3452,81,14,191,0,0,11
3453,81,14,191,0,0,11
3454,83,13,192,0,0,0
3455,83,13,192,0,0,14
3456,81,13,192,0,0,14
3457,81,13,192,0,0,14
3458,81,13,192,0,0,14
3459,84,12,192,0,0,14
3460,84,12,192,0,0,14
3461,81,12,193,0,0,14
3462,81,12,193,0,0,14
3463,81,12,195,0,0,14
3464,81,12,195,0,0,14
3465,81,12,195,0,0,14
3466,81,12,196,0,0,14
3467,81,12,196,0,0,14
3468,80,12,199,0,0,9
3469,80,12,199,0,0,9
3470,80,12,199,0,0,8
3471,81,11,199,0,0,6
3472,81,11,199,0,0,6
3473,80,11,201,0,0,7
3474,80,11,201,0,0,7
3475,80,11,202,0,0,7
3476,80,11,202,0,0,7
3477,80,11,202,0,0,7
3478,72,11,202,0,0,7
3479,72,11,202,0,0,7
3480,80,11,203,0,0,7
3481,80,11,203,0,0,7
3482,80,11,203,0,0,7
3483,80,11,204,0,0,8
3484,78,11,204,0,0,8
3485,72,11,204,0,0,9
3486,72,11,204,0,0,9
3487,73,10,204,0,0,11
3488,73,10,204,0,0,0
3489,73,10,204,0,0,11
3490,71,11,204,0,0,12
3491,71,11,204,0,0,12
3492,69,11,205,0,0,0
3493,69,11,205,0,0,0
3494,69,11,205,0,0,0
3495,69,11,206,0,0,0
3496,69,11,205,0,0,0
3497,69,12,206,0,0,0
3498,69,12,206,0,0,0
3499,66,12,206,0,0,0
3500,66,12,206,0,0,0
3501,66,12,206,0,0,0
3502,66,12,206,0,0,0
3503,66,12,206,0,0,0
3504,66,12,207,0,0,3
3505,66,12,207,0,0,3
3506,66,12,207,0,0,3
3507,66,11,207,0,0,1
3508,66,11,207,0,0,1
3509,66,12,208,0,0,0
3510,66,12,208,0,0,0
3511,66,11,208,0,0,0
3512,66,11,208,0,0,0
3513,66,11,208,0,0,0
3514,66,11,208,0,0,0
3515,66,11,208,0,0,0
3516,66,11,208,0,0,0
3517,66,11,208,0,0,0
3518,66,11,208,0,0,0
3519,64,11,208,0,0,0
3520,62,11,208,0,0,0
3521,60,11,208,0,0,0
3522,62,11,208,0,0,0
3523,60,12,207,0,0,0
3524,60,12,207,0,0,0
3525,60,12,208,0,0,0
3526,60,12,207,0,0,0
3527,60,12,207,0,0,0
3528,60,11,207,0,0,0
3529,60,11,207,0,0,0
3530,60,11,207,0,0,0
3531,60,12,206,0,0,0
3532,60,11,206,0,0,0
3533,60,11,206,0,0,2
3534,60,11,206,0,0,2
3535,60,11,206,0,0,6
3536,60,11,206,0,0,6
3537,60,11,206,0,0,6
3538,60,11,206,0,0,2
3539,60,11,206,0,0,2
3540,60,12,205,0,0,3
3541,60,12,205,0,0,3
3542,60,12,205,0,0,3
3543,60,12,205,0,0,3
3544,60,12,205,0,0,3
3545,60,12,205,0,0,5
3546,60,12,205,0,0,5
3547,60,12,205,0,0,6
3548,60,12,205,0,0,6
3549,60,12,205,0,0,6
3550,60,12,205,0,0,7
3551,60,12,205,0,0,7
3552,60,12,204,0,0,8
3553,60,12,204,0,0,8
3554,60,12,204,0,0,8
3555,60,12,205,0,0,8
3556,60,12,205,0,0,8
3557,60,11,205,0,0,10
3558,60,11,205,0,0,10
3559,62,11,205,0,0,0
3560,60,11,205,0,0,0
3561,60,11,205,0,0,0
3562,60,11,205,0,0,0
3563,60,11,205,0,0,0
3564,60,11,204,0,0,10
3565,60,11,204,0,0,10
3566,60,11,204,0,0,0
3567,60,11,204,0,0,0
3568,60,11,204,0,0,0
3569,60,12,204,0,0,10
3570,60,12,204,0,0,10
3571,60,12,204,0,0,10
3572,60,12,204,0,0,10
3573,60,12,204,0,0,10
3574,60,12,204,0,0,10
3575,60,12,204,0,0,10
3576,60,12,204,0,0,0
3577,60,12,204,0,0,0
3578,60,12,203,0,0,10
3579,60,12,203,0,0,10
3580,60,12,203,0,0,10
3581,62,12,203,0,0,10
3582,62,12,203,0,0,10
3583,60,12,204,0,0,10
3584,60,12,204,0,0,10
3585,60,12,204,0,0,10
3586,60,12,203,0,0,9
3587,60,12,203,0,0,9
3588,60,13,203,0,0,9
3589,60,13,203,0,0,9
3590,60,13,203,0,0,9
3591,60,13,203,0,0,9
3592,60,13,203,0,0,9
3593,60,14,203,0,0,8
3594,60,14,203,0,0,8
3595,60,14,203,0,0,7
3596,60,14,203,0,0,7
3597,60,14,203,0,0,7
3598,60,14,202,0,0,7
3599,60,14,202,0,0,7
